Workbook
Name fc: Main!$C$60
Name fea: IC!$P$3
Name fpo: Main!$G$63
Name fs: Main!$G$13
Name fsr: Main!$G$10*0.001
Name fthp: Main!$G$61
Name fthz: Main!$G$62
Name IC: IC!$A$2:$A$2
Name INTVcc: Main!$C$32
Name Io: Main!$C$14
Name Kref: BodI!$P$3
Name Rds: Main!$C$39
Name Rl: Main!$C$19*1.3
Name Small_Signal_calculation: PS!$B$65
Name Tfall: IC!$U$3
Name Trise: IC!$T$3
Name Vd: Main!$G$30
Name Vgmode: PS!#REF!
Name Vin_L: PS!#REF!
Name Vin_nom: Main!$C$11
Name Vout: Main!$C$13

Sheet Title_and_Schematics
A1: LT3757/LT3758 Boost Converter Power Design Tool
A2: Rev. 0.4
A3: Updated on 5/11/2011
A4: POWER APPLICATION, LINEAR TECHNOLOGY CORP.
A6: Schematic of typical application of LT3757
A9: Linear Technology Power Design Tool License Agreement/Disclaimer Copyright © 2011, Linear Technology Corporation All rights reserved. This spread sheet program is a powerful design tool that significantly eases the tasks of selecting component values, estimating power loss and efficiency and optimizing the compensation loop. This design tool is copyrighted. You are granted a non-exclusive, non-transferable, royalty-free right solely to design supplies with Linear Technology products. Linear Technology Corporation owns the design tool. You may not redistribute, adapt, translate, reverse engineer, decompile, or disassemble the design tool. Upgrades, modifications, or repairs to this design tool will be strictly at the discretion of Linear Technology. Linear Technology application team is trying our best to improve the accuracy of the design equations integrated in this program. However, we can not guarantee operation to be error free. As always, Linear Technology has made the best effort to support our customers. However, due to the external component value variations, it remains the customer’s responsibility to verify the program's calculation results by actually building the circuit and evaluating its performance.

Sheet IC
B1: Power Stage | M1: Controller | T1: Thermal
A2: Chip | B2: Vin min.(V) | C2: Vin max.(V) | D2: Min. switching frequency(kHz) | E2: Max. switching frequency(kHz) | F2: Min. ON time (ns) | G2: Min.OFF time (ns) | H2: Switch Resisor (mΩ) | I2: beta of power switch | J2: Iq (mA) | K2: Ibias(mA) | L2: Max. Duty Cyle (%) | M2: Vref (V) | N2: gm typ (ms) | O2: Ro of EA (kΩ) | P2: First pole (kHz) | Q2: Rs(mOhm) | R2: Ath | S2: slope se (D>0.5) | T2: Trise (nS) | U2: Tfall (nS) | V2: INTVcc (V) | W2: INTVcc off | X2: INTVcc limit | Y2: Thermal resistance
A3: LT3757 | B3: 2.9 | C3: 40 | D3: 100 | E3: 1000 | F3: 220 | G3: 220 | H3: 0 | I3: =1/0.022 -> 45.454545 | J3: 1 | K3: 2.1 | L3: 96 | M3: 1.6 | N3: 0.23 | O3: 3000 | P3: 10000 | Q3: 0 | R3: =1/5.4/1 -> 0.18518519 | S3: =8.5*5.4*PS!B67*2*PS!B5 -> 8660.9134 | T3: 12 | U3: 12 | V3: 7.2 | W3: 7.5 | X3: 17.5 | Y3: 40
A4: LT3758 | B4: 5.5 | C4: 100 | D4: 100 | E4: 1000 | F4: 220 | G4: 220 | H4: 0 | I4: =1/0.022 -> 45.454545 | J4: 1 | K4: 2.1 | L4: 96 | M4: 1.6 | N4: 0.23 | O4: 3000 | P4: 10000 | Q4: 0 | R4: =1/5.4/1 -> 0.18518519 | S4: =8.5*5.4*PS!B67*2*PS!B5 -> 8660.9134 | T4: 12 | U4: 12 | V4: 7.2 | W4: 7.5 | X4: 20 | Y4: 40

Sheet Main
A1: LT3757/3758 Boost Converter Power Design Tool -for customer use with LTC parts only
A2: Chip selection | B2: LT3758
A3: Project Name:
A4: Date:
A6: Part I - Power Stage Design:
A7: Requirement | C7: =IF(OR(C10<C8, C12>C9), "Vin Out of Range!", "") | D7: =IF(C13<MAX(C10, C11, C12), "Vin>Vout!", "") | E7: Switching Frequency | G7: =IF(OR(G10<G8, G10>G9), "fs Out of Range!", "")
A8: IC Minimum input voltage= | C8: =INDEX(IC!B3:B4,PS!B2) -> 5.5 | D8: V | E8: IC Minimum switching frequency= | G8: =INDEX(IC!D3:D4,PS!B2) -> 100 | H8: kHz
A9: IC Maximum input voltage= | C9: =INDEX(IC!C3:C4,PS!B2) -> 100 | D9: V | E9: IC Maximum switching frequency= | G9: =INDEX(IC!E3:E4,PS!B2) -> 1000 | H9: kHz
A10: Minimum input voltage, [Vin_min]= | C10: 10 | D10: V | E10: Switching frequency,[fs]= | G10: 100 | H10: kHz
A11: Nominal input voltage, [Vin_nom]= | C11: 12 | D11: V | E11: Frequency selection resistor= | G11: =PS!B4 -> 140.34631 | H11: kΩ
A12: Maximum input voltage, [Vin_max]= | C12: 14 | D12: V | E12: User enter actual frequency selection resistor= | G12: 140 | H12: kΩ
A13: Output voltage, [Vout]= | C13: 200 | D13: V | E13: Actual nominal switching frequency= | G13: =PS!B72 -> 100.35537 | H13: kHz
A14: Maximum output current, [Io_max]= | C14: 0.5 | D14: A | E14: IC typical minimum ON time = | G14: =INDEX(IC!F3:F4,PS!B2) -> 220 | H14: nsec
A15: Inductor peak-peak ripple current= | C15: 70 | D15: % | E15: IC typical minimum OFF time = | G15: =INDEX(IC!G3:G4,PS!B2) -> 220 | H15: nsec
A16: Boost Inductor | E16: OFF time at Vin_min = | G16: =C10/(PS!B6*G13)*10^6 -> 497.28463 | H16: nsec
A17: Calculated boost inductor | C17: =PS!B12 -> 24.547686 | D17: µH | E17: ON time at Vin_max = | G17: =(1-C12/PS!B6)/G13*10^6 -> 9268.3908 | H17: nsec
A18: manufacture and Part# | B18: Vishay | C18: IHLP5050EZER100M01 | E18: ="Output Filter Capacitor"&IF(G24=0,", please add capacitor!","") -> Output Filter Capacitor
A19: inductor DCR= | C19: 21.4 | D19: mΩ | E19: Maximum output RMS current= | G19: =PS!B27 -> 2.5604289 | H19: A
A20: User enter inductor= | C20: 10 | D20: µH | E20: Output Ceramic Capacitor Manufacturer
A21: Power loss= | C21: =PS!F44 -> 3.2785484 | D21: W | E21: Part #
A22: Peak current at Vin_min, [Ipk]= | C22: =PS!B17 -> 16.490299 | D22: A | E22: Capacitance of each ceramic capacitor= | G22: 4.7 | H22: µF | I22: =PS!B18 -> 1.9749078
A23: Input Capacitor Selection | E23: ESR of each ceramic capacitor= | G23: 100 | H23: mΩ
A24: Nominal input RMS current, [Irms_nom]= | C24: =PS!B20 -> 3.2406155 | D24: A | E24: # of output ceramic capacitors= | G24: 4
A25: Maximum input RMS current, [Irms_max]= | C25: =PS!B22 -> 3.7414222 | D25: A | E25: Estimated Peak to peak output ripple voltage at nominal voltage[Vopp]= | G25: =PS!C33 -> 780.37849 | H25: mV
A26: Input Ceramic Capacitor manufacture | E26: Output ripple voltage percentage = | G26: =G25*0.1/C13 -> 0.39018925 | H26: %
A27: Part # | E27: Output Diode
A28: Capacitance of input ceramic capacitor= | C28: 470 | D28: µF | E28: Output Diode Manufacturer | G28: Diodes
A29: INTVcc | B29: =IF(PS!F9,IF(INTVcc>MIN(C10,17.5),"External INTVcc must be lower than 17.5V and minimum input",""),"") | E29: Part # | G29: MBRS340T3
A30: =IF(AND(M39,INTVcc<Main!N39),"External INTVcc must be high enough to disable internal LDO","") | E30: VF @ full load current = | G30: 0.38 | H30: V
E31: Power Loss in Forward diode= | G31: =PS!F43 -> 0.19 | H31: W
A32: =IF(PS!F9,"User PLS specify the external INTVcc voltage","") | C32: 7.3 | E32: Current Sensing Resistor
A33: Voltage used to calculate the bias loss = | C33: =IF(PS!D9,Vin_nom,IF(PS!E9,Vout, IF(PS!F9,INTVcc))) -> 12 | E33: Suggested max. sensing resistance (30% margin at min input) | G33: =PS!B56 -> 4.2449201 | H33: mΩ
A34: Loss caused by bias current | C34: =PS!F45+PS!F40 -> 0.028613322 | E34: User enter sensing resistor= | G34: 10 | H34: mΩ
A35: MOSFET Selection (Input from Datasheet) | E35: Maximum power dissipation on current sensing resistor= | G35: =PS!F48 -> 0.8523197 | H35: W
A36: MOSFET maximum drain to source stress | C36: =PS!B6 -> 200.38 | D36: V
A37: Manufacturer | C37: Vishay | E37: Gate Drive Resistance
A38: Part# | C38: SI4840BDY | E38: Typical MOSFET gate resistance, [RG]= | G38: 0.85 | H38: Ω
A39: Typical MOSFET on-resistance @ 75C, [RDSon1]= | C39: 10 | D39: mΩ | E39: External turn on gate resistance, [RGon]= | G39: 0 | H39: Ω | M39: =PS!F9 -> FALSE | N39: =PS!C55 -> 7.5 | O39: =PS!E55 -> 10
A40: Specified gate to source voltage for Qg at datasheet= | C40: 10 | D40: V | E40: External turn off gate resistance, [RGoff]= | G40: 0 | H40: Ω
A41: Maximum total gate charge ,[Qg]= | C41: 33 | D41: nC | E41: Total turn on gate resistance = | G41: =G38+G39 -> 0.85 | H41: Ω
A42: Gate to drain charge,[Qgd]= | C42: 5.1 | D42: nc | E42: Total turn off gate resistance = | G42: =G38+G40 -> 0.85 | H42: Ω
A43: Gate to source charge,[Qgs]= | C43: 6.7 | D43: nc | E43: Efficiency And IC Thermal Calculation
A44: MOSFET drian to source break down voltage= | C44: 40 | D44: V | E44: Total loss= | G44: =PS!F52 -> 7.4332689 | H44: w
A45: MOSFET Miller Voltage [Vm] (Definition followed) = | C45: 3.5 | D45: V | E45: Efficiency @ full load = | G45: =PS!F53 -> 93.081036 | H45: %
A46: # of MOSFET in parallel= | C46: 1 | D46: Wrong # | E46: User enter ambient temperature = | G46: 25 | H46: ˚C
A47: Estimated total power dissipation at full load = | C47: =PS!F49 -> 3.0477875 | D47: W | E47: IC thermal resistance = | G47: 43 | H47: ˚C/W
A48: Thermal resistance from junction to case, [qJC]= | C48: 17 | D48: oC/W | E48: IC loss dissipation= | G48: =PS!F42 -> 0.064613322 | H48: w
A49: Estimated temperature rise from case to junction, [Tj]= | C49: =C48*C47/C46 -> 51.812388 | D49: oC | E49: Die temperature @ full load = | G49: =PS!B58+G46 -> 27.584533 | H49: ˚C
A50: Contact component vendors for detailed data.
A51: =1/B51 -> 12.5 | B51: =(C12-C10)/50 -> 0.08 | C51: =IF(ISERR(A51),0,A51) -> 12.5 | D51: =ISNUMBER(C58) -> TRUE | E51: =1/F51 -> 100 | F51: =C14/50 -> 0.01 | G51: =IF(FALSE,0,E51) -> 100 | H51: =ISNUMBER(G58) -> TRUE
A56: PART II- Small Signal Loop Compensation Design :
A57: Initial Design Operating Conditions
A58: Input voltage,[Vin]= | C58: =$C$75 -> 12 | D58: V | E58: Load current, [Io]= | G58: =$G$75 -> 0.5 | H58: A
A59: Voltage Loop Design Target | C59: =IF(OR(G60<0, G61<0, G62<0), "Please Modify Design Target!", "")
A60: Target voltage loop bandwidth(<fs/5), [fc]= | C60: 20 | D60: kHz | E60: Compensator Network
A61: Target voltage loop phase margin, [Φm]= | C61: 45 | D61: deg | E61: Noise filtering pole, [fthp]= | G61: =C60/PS!B77 -> 100.0395 | H61: kHz
A62: Voltage Divider Network (Phase Boost) | E62: Phase boost zero, [fthz]= | G62: =C60*PS!B77 -> 3.9984207 | H62: kHz
A63: User enter [R1]= | C63: 16.2 | D63: kΩ | E63: Low frequency pole, [fpo]= | G63: =C60/SQRT(PS!B80*PS!B79/PS!B78-1) -> 0.10362296 | H63: kHz
A64: Maximum phase boost of divider network= | C64: =ATAN(SQRT(C13/IC!M3))*360/PI()-90 -> 79.777821 | D64: deg | E64: Calculated [Cth]= | G64: =G61/((G62+G61)*PI())*500000/(PS!B81*G63) -> 492.29195 | H64: pF
A65: User select phase boost of divider network at fc= | C65: 0 | D65: deg | E65: User enter Cth | G65: 470 | H65: pF
A66: Calculated feedback resistor [R2]= | C66: =(-C63*IC!M3+C63*Vout)/IC!M3 -> 2008.8 | D66: kΩ | E66: Calculated [Rth]= | G66: =500000/PI()/fthz/G64 -> 80.855376 | H66: kΩ
A67: User enter feedback resistor [R2]= | C67: 226 | D67: kΩ | E67: User enter Rth | F67: 83 | G67: 82 | H67: kΩ | I67: =ROUND(en(F67),3) -> 0.732 | J67: =ISNUMBER(G67) -> TRUE
A68: Calculated feedforward capacitor [C2]= | C68: =IF(C65=0,0,((1-Kref)-(SQRT((Kref-1)^2-4*TAN(C65/180*PI())^2*Kref)))/(2*TAN(C65/180*PI())*Kref)/(2*PI()*C67*fc*10^6))*10^12 -> 0 | D68: pF | E68: Calculated [Cthp]= | G68: =500000/G61/G67/PI() -> 19.401476 | H68: pF
A69: User enter C2 | C69: 0 | D69: pF | E69: User enter Cthp | G69: 22 | H69: pF | I69: =BodI!P3*2 -> 0.13377374
A71: User enter C1 | C71: 0 | D71: pF
A74: Design Verification | G74: =C14/50 -> 0.01
A75: Vin | B75: 25 | C75: =C10+B75*B51 -> 12 | D75: V | E75: Io | F75: 50 | G75: =F51*F75 -> 0.5 | H75: A
A76: Actual voltage loop bandwidth, [fc]= | C76: =BodI!P33 -> 18.85819 | D76: kHz | E76: Actual phase margin, [Φm]= | G76: =BodI!P34 -> 43.862126 | H76: deg
A77: Bode Plot of Vref/Vout | E77: Bode Plot of Voltage Loop Gain

Sheet Components
A1: Component Tables
A2: Please use this page to store your favourite parts. Data can be copied and pasted to main sheet.
A3: Please contact vendors for detailed data.
A6: Inductor Manufacturer | B6: Sumida | C6: Vishay
A7: Part # | B7: CDRH5D16NP-6R8NC | C7: IHLP5050EZER100M01
A8: Inductance (uH)= | B8: 6.8 | C8: 10
A9: Inductor DCR (mΩ)= | B9: 67.4 | C9: 21.4
A10: Saturation Current (A)= | B10: 1.8 | C10: 16
A11: Temperature risng Current (A)= | B11: 1.7 | C11: 9
A12: Package
A15: Capacitor Manufacturer
A16: Part#
A17: Capacitance (uF)=
A18: ESR (mΩ)=
A19: ESL(nH) =
A20: Package

Sheet PS
A1: Chip name | B1: LT3758(Boost)
B2: =MATCH(Main!$B$2,IC!A3:A4,0) -> 2
A3: fs selection (true for Rt) | B3: TRUE
A4: RT(kOhm)= | B4: =23174*Main!G10^(-1.1089) -> 140.34631
A5: fs(kHz)= | B5: =8618.2*Main!G12^(-0.9011) -> 100.35537
A6: VOF= | B6: =Main!C13+Main!G30 -> 200.38
A7: D_min= | B7: =(B6-Main!C12)/(B6-(Rl+Main!C39)*0.001*Io) -> 0.93022053
A8: D_max= | B8: =(B6-Main!C10)/(B6-(Rl+Main!C39)*0.001*Io) -> 0.95018449
A9: D_nom= | B9: =(B6-Main!C11)/(B6-(Rl+Main!C39)*0.001*Io) -> 0.94020251 | D9: TRUE | E9: FALSE | F9: FALSE
A10: =B7<0.5 -> FALSE | B10: =B8>0.5 -> TRUE
A11: Inductor
A12: L= | B12: =B6*(1-B7)^2*B7/Main!G13/Io/(1*Main!C15)*10^5*0.95 -> 24.547686 | C12: =B6*(1-B8)^2*B8/Main!G13/Io/(1*Main!C15)*10^5*0.95 -> 12.779282
A13: Inductor avg current @ Vin_nom= | B13: =Main!C13*Io/(Main!C11*B37) -> 8.3333333 | C13: =Main!C13*Io/(Main!C11*B53/100) -> 8.8914007 | D13: =Main!C13*Io/(Main!C11*C53/100) -> 8.9465448 | E13: =Main!C13*Io/(Main!C11*D53/100) -> 8.9521486 | F13: =Main!C13*Io/(Main!C11*E53/100) -> 8.9527197
A14: Inductor avg current @ Vin_min= | B14: =Main!C13*Io/(Main!C10*0.85) -> 11.764706 | C14: =IF(C13>=B15,C13-B15,0) -> 3.27849 | D14: =IF(D13>=B15,D13-B15,0) -> 3.3336341 | E14: =IF(E13>=B15,E13-B15,0) -> 3.3392379 | F14: =IF(E13>=B15,E13-B15,0) -> 3.3392379
A15: Inductor ripple (avg to peak) @ Vin_nom= | B15: =B6*(1-B9)*B9/Main!C20/Main!G13*500 -> 5.6129107 | C15: =IF(B13>=B15,B13-B15,0) -> 2.7204226
A16: Delta ripple @ Vin_nom (%)= | B16: =B15*200/B13 -> 134.70986
A17: peak current @ Vin_min= | B17: =B6*(1-B8)*B8/Main!C20/Main!G13*500+B14 -> 16.490299
A18: guaranteed current limit= | B18: =IF(B8<0.5, 2.2, 2.2-(B8-0.5)*(2.5-2.25)/(0.8-0.3)) -> 1.9749078
A19: Input Cap RMS current
A20: Nom RMS= | B20: =B15/SQRT(3) -> 3.2406155
A21: D for Max RMS= | B21: =A10*B10/2+(1-A10)*B8+(1-B10)*B7 -> 0.95018449
A22: Max RMS = | B22: =MAX(B20,C22,D22) -> 3.7414222 | C22: =B6*(1-B7)*B7/Main!C20/Main!G13*1000/2/SQRT(3) -> 3.7414222 | D22: =B6*(1-B8)*B8/Main!C20/Main!G13*1000/2/SQRT(3) -> 2.7283223
A23: Output Cap RMS current
A24: Inductor ripple (avg to peak) @ Vin_min= | B24: =B6*(1-B8)*B8/Main!C20/Main!G13*500 -> 4.7255929
A25: 1-Dmax= | B25: =1-B8 -> 0.049815511
A26: Max RMS (w/o consider efficiency) = | B26: =SQRT(B25*((Io/B25)^2*B8+B24^2/3)) -> 2.2670093
A27: Max RMS (consider efficiency) = | B27: =SQRT(B8*Io^2+B25*(B14^2*B8^2+B15/3)) -> 2.5604289
A28: Output Cap Voltage ripple
A29: equivalent ESR= | B29: =Main!G23/Main!G24/1000 -> 0.025 | C29: modified output C ripple
A30: equivalent cap= | B30: =Main!G22*Main!G24*10^-6 -> 1.88e-05 | C30: =SQRT(B29^2+1/(2*PI()*B30*fs*1000)^2) -> 0.087983645
A31: delta ripple by ESR = | B31: =Main!G23*(Io*(1+1/B25)+B15) -> 1614.9945
A32: delta ripple by cap = | B32: =B9*1000/B5/Main!G24/Main!G22*1000 -> 498.3368
A33: total ripple = | B33: =B31+B32 -> 2113.3313 | C33: =2*SQRT(3)*B27*C30*1000 -> 780.37849
A34: Impedance = | B34: =SQRT((Main!G23)^2+(10^6/(Main!G22*2*PI()*Main!G13))^2) -> 351.93458
B35: =3*B26*B34/Main!G24 -> 598.37922 | C35: from ref
A36: Efficiency Estimation | C36: Another Step | D36: Another Step | E36: Another Step
A37: estimated efficiency = | B37: 1 | C37: =B53 -> 93.723516 | D37: =C53 -> 93.145829 | E37: =D53 -> 93.087522 | F37: =E53 -> 93.081585
A38: switch conduction loss = | B38: =Rds*B13^2*B9*(1+B15^2/3)*0.001*0 -> 0 | C38: =Rds*C13^2*B9*(1+B15^2/3)*0.001*0 -> 0 | D38: =Rds*D13^2*B9*(1+B15^2/3)*0.001*0 -> 0 | E38: =Rds*E13^2*B9*(1+B15^2/3)*0.001*0 -> 0 | F38: =Rds*F13^2*B9*(1+B15^2/3)*0.001*0 -> 0
A39: switch switching loss = | B39: =(Trise+Tfall)*0.5*B6*B13*fs*10^-6*0 -> 0 | C39: =(Trise+Tfall)*0.5*B6*C13*fs*10^-6*0 -> 0 | D39: =(Trise+Tfall)*0.5*B6*D13*fs*10^-6*0 -> 0 | E39: =(Trise+Tfall)*0.5*B6*E13*fs*10^-6*0 -> 0 | F39: =(Trise+Tfall)*0.5*B6*F13*fs*10^-6*0 -> 0
A40: drive loss = | B40: =IF(F9,0.001*Vin_nom, Main!C41/Main!C40*IC!V3*Main!C33*fs/10^6) -> 0.028613322 | C40: =IF(F9,0.001*Vin_nom, Main!C41/Main!C40*IC!V3*Main!C33*fs/10^6) -> 0.028613322 | D40: =IF(F9,0.001*Vin_nom, Main!C41/Main!C40*IC!V3*Main!C33*fs/10^6) -> 0.028613322 | E40: =IF(F9,0.001*Vin_nom, Main!C41/Main!C40*IC!V3*Main!C33*fs/10^6) -> 0.028613322 | F40: =IF(F9,0.001*Vin_nom, Main!C41/Main!C40*IC!V3*Main!C33*fs/10^6) -> 0.028613322
A41: chip leakage loss = | B41: =0.003*Main!C11 -> 0.036 | C41: =0.003*Main!C11 -> 0.036 | D41: =0.003*Main!C11 -> 0.036 | E41: =0.003*Main!C11 -> 0.036 | F41: =0.003*Main!C11 -> 0.036
A42: Total chip power loss = | B42: =B38+B39+B40+B41 -> 0.064613322 | C42: =C38+C39+C40+C41 -> 0.064613322 | D42: =D38+D39+D40+D41 -> 0.064613322 | E42: =E38+E39+E40+E41 -> 0.064613322 | F42: =F38+F39+F40+F41 -> 0.064613322
A43: diode conduction loss = | B43: =Vd*Io -> 0.19 | C43: =Vd*Io -> 0.19 | D43: =Vd*Io -> 0.19 | E43: =Vd*Io -> 0.19 | F43: =Vd*Io -> 0.19
A44: inductor loss = | B44: =Rl*0.001*B13^2*(1+(B15/B13)^2/3)*1*1.3 -> 2.8913282 | C44: =Rl*0.001*C13^2*(1+(B15/C13)^2/3)*1*1.3 -> 3.2389761 | D44: =Rl*0.001*D13^2*(1+(B15/D13)^2/3)*1*1.3 -> 3.2745511 | E44: =Rl*0.001*E13^2*(1+(B15/E13)^2/3)*1*1.3 -> 3.2781786 | F44: =Rl*0.001*F13^2*(1+(B15/F13)^2/3)*1*1.3 -> 3.2785484
A45: External Bias Loss = | B45: =IF(F9, Main!C41/Main!C40*Main!C33^2*fs/10^6,0) -> 0 | C45: =IF(F9, Main!C41/Main!C40*Main!C33^2*fs/10^6,0) -> 0 | D45: =IF(F9, Main!C41/Main!C40*Main!C33^2*fs/10^6,0) -> 0 | E45: =IF(F9, Main!C41/Main!C40*Main!C33^2*fs/10^6,0) -> 0 | F45: =IF(F9, Main!C41/Main!C40*Main!C33^2*fs/10^6,0) -> 0
A46: MOSFET switching Loss = | B46: =0.65*B6*((B13+B15)*(Main!C42+0*Main!C43)/(Main!C45-0.1)*(5.5+Main!G42)+C15*(Main!C42+0*Main!C43)/(B55-Main!C45)*(5.5+Main!G41))*fs*10^-6*Main!C46 -> 2.0475571 | C46: =0.65*B6*((C13+B15)*(Main!C42+0*Main!C43)/(Main!C45-0.1)*(5.5+Main!G42)+C14*(Main!C42+0*Main!C43)/(B55-Main!C45)*(5.5+Main!G41))*fs*10^-6*Main!C46 -> 2.1808836 | D46: =0.65*B6*((D13+B15)*(Main!C42+0*Main!C43)/(Main!C45-0.1)*(5.5+Main!G42)+D14*(Main!C42+0*Main!C43)/(B55-Main!C45)*(5.5+Main!G41))*fs*10^-6*Main!C46 -> 2.194058 | E46: =0.65*B6*((E13+B15)*(Main!C42+0*Main!C43)/(Main!C45-0.1)*(5.5+Main!G42)+E14*(Main!C42+0*Main!C43)/(B55-Main!C45)*(5.5+Main!G41))*fs*10^-6*Main!C46 -> 2.1953968 | F46: =0.65*B6*((F13+B15)*(Main!C42+0*Main!C43)/(Main!C45-0.1)*(5.5+Main!G42)+F14*(Main!C42+0*Main!C43)/(B55-Main!C45)*(5.5+Main!G41))*fs*10^-6*Main!C46 -> 2.1954679
A47: MOSFET conduction Loss = | B47: =Main!C39*0.001*B13^2*(1+(B15/B13)^2/3)*B9/Main!C46 -> 0.75165461 | C47: =Main!C39*0.001*C13^2*(1+(B15/C13)^2/3)*B9/Main!C46 -> 0.84203215 | D47: =Main!C39*0.001*D13^2*(1+(B15/D13)^2/3)*B9/Main!C46 -> 0.85128053 | E47: =Main!C39*0.001*E13^2*(1+(B15/E13)^2/3)*B9/Main!C46 -> 0.85222357 | F47: =Main!C39*0.001*F13^2*(1+(B15/F13)^2/3)*B9/Main!C46 -> 0.8523197
A48: Sense resitor Loss = | B48: =Main!G34*0.001*B13^2*(1+(B15/B13)^2/3)*B9 -> 0.75165461 | C48: =Main!G34*0.001*C13^2*(1+(B15/C13)^2/3)*B9 -> 0.84203215 | D48: =Main!G34*0.001*D13^2*(1+(B15/D13)^2/3)*B9 -> 0.85128053 | E48: =Main!G34*0.001*E13^2*(1+(B15/E13)^2/3)*B9 -> 0.85222357 | F48: =Main!G34*0.001*F13^2*(1+(B15/F13)^2/3)*B9 -> 0.8523197
A49: Total Mosfet Loss = | F49: =F46+F47 -> 3.0477875
A52: Total power dissipation = | B52: =B42+B43+B44+B45+B46+B47+B48 -> 6.6968079 | C52: =C42+C43+C44+C45+C46+C47+C48 -> 7.3585374 | D52: =D42+D43+D44+D45+D46+D47+D48 -> 7.4257834 | E52: =E42+E43+E44+E45+E46+E47+E48 -> 7.4326358 | F52: =F42+F43+F44+F45+F46+F47+F48 -> 7.4332689
A53: Efficiency (%) = | B53: =(Vout*Io)/(Vout*Io+B52)*100 -> 93.723516 | C53: =(Vout*Io)/(Vout*Io+C52)*100 -> 93.145829 | D53: =(Vout*Io)/(Vout*Io+D52)*100 -> 93.087522 | E53: =(Vout*Io)/(Vout*Io+E52)*100 -> 93.081585 | F53: =(Vout*Io)/(Vout*Io+F52)*100 -> 93.081036
A55: Gate driving voltage | B55: =IF(F9,INTVcc,IC!V3) -> 7.2 | C55: =INDEX(IC!W3:W4,PS!B2) -> 7.5 | D55: =INDEX(IC!X3:X4,PS!B2) -> 20 | E55: =MIN(D55,Main!C10) -> 10
A56: Suggested Current sense resistor | B56: =100/B17*0.7 -> 4.2449201
A58: chip temperature rise | B58: =F42*C58 -> 2.5845329 | C58: =INDEX(IC!Y3:Y4,PS!B2) -> 40
A65: Small Signal calculation | B65: =fs -> 100.35537
A66: Rsense | B66: =Main!G34*1 -> 10
A67: Duty | B67: =1-Main!C75/B6 -> 0.94011378
A68: Slope P | B68: =8.5*5.4*B67^2*0.001 -> 0.040567059
A69: rising slope sn = | B69: =Main!C75/Main!C20*1000*B66*1 -> 12000
A70: external slope = | B70: =8.5*5.4*B67*2*B5 -> 8660.9134
A71: Fm = | B71: =fs*1000/(B69+B70) -> 4.8572569
A72: Compensation Design | B72: =IF(B3,B5,Main!G10) -> 100.35537
A73: load type (true is constant current) | B73: FALSE
A74: Vfb/Vout = | B74: =C74/Main!C13 -> 0.008 | C74: =INDEX(IC!M3:M4,PS!B2) -> 1.6
A75: expected phase of comp + pi/2 @ fc | B75: =Main!C61*PI()/180-BodI!P17-BodI!P13-PI()/2 -> 1.1761571
A76: gm = | B76: =C76*10^-3 -> 0.00023 | C76: =INDEX(IC!N3:N4,PS!B2) -> 0.23
A77: K factor for calculate fthp and fthz = | B77: =SQRT(TAN(B75)^2+1)-ABS(TAN(B75)) -> 0.19992104
A78: Gain for fthp = | B78: =1+(fc/fthp)^2 -> 1.0399684
A79: Gain for fthz = | B79: =1+(fc/fthz)^2 -> 26.019752
A80: Roth/Aexp= | B80: =(B81*1000*B76*(BodI!P11*BodI!P16))^2 -> 1488.9382
A81: Roth= | B81: =INDEX(IC!O3:O4,PS!B2) -> 3000
A82: 1-Dmax | B82: =1-B8 -> 0.049815511
A84: fs/2 | B84: =B72/2 -> 50.177683
B85: =B84 -> 50.177683

Sheet BodI
A1: Index | B1: f(k) | C1: =(LOG(Main!G13)+2)/180 -> 0.022230781 | E1: Ycden | F1: Yreal | G1: Yimag | H1: Vge_mag | I1: Vge_arg | J1: EQ_R | K1: EQ_J | L1: R | M1: J | N1: ith2vo^2 | O1: ith2vo(rad) | Q1: D_mag | R1: D_arg | S1: As^2 | T1: As_arg | U1: Vloop | Y1: ith2vo mag (dB) | Z1: ith2vo(deg)
A2: 100 | B2: =A2/1000 -> 0.1 | C2: 2*PI | D2: =B2*$C$9*1000 -> 0.00029530971 | E2: =B2*1000*$C$18/(1+D2^2) -> 0.011812387 | F2: =D2*E2+$C$24 -> 0.0025034883 | G2: =E2 -> 0.011812387 | H2: =($C$40+($C$34*B2*1000)^2) -> 144.0077 | I2: =ATAN2($C$41,-(B2*1000)) -> -0.0073144792 | J2: =$C$48+$C$38*(B2*1000)/TAN($C$50*(B2*1000)) -> 9.7543397 | K2: =$C$51*B2*1000 -> -0.024185571 | L2: =F2*J2-G2*K2+$C$44 -> 0.067886389 | M2: =J2*G2+K2*F2+($C$55+$C$65)*B2*1000 -> 0.1150419 | N2: =H2/(L2^2+M2^2) -> 8070.733 | O2: =I2-ATAN2(L2,M2) -> -1.0450015 | P2: Kref | Q2: =$P$4+10*LOG((1+($P$6*B2)^2)/(1+($P$8*B2)^2)) -> -23.493182 | R2: =DEGREES(ATAN(B2*$P$6)-ATAN(B2*$P$8)) -> 0 | S2: =((1+($P$24*B2*1000)^2)/((1-$P$28*B2*1000*$P$24*B2*1000)^2+$P$31*(B2*1000)^2))/(1+(B2/fea)^2) -> 0.52563926 | T2: =ATAN(B2*1000*$P$24)-ATAN2(1-$P$24*B2*1000*$P$28*B2*1000,B2*1000*$P$30)-ATAN(B2/fea) -> -0.73691127 | U2: =10*LOG(N2*S2)+Q2+$P$21 -> 68.639753 | V2: =DEGREES(T2+O2)+R2+180 -> 77.903921 | W2: =-U2 -> -68.639753 | Y2: =10*LOG(N2)+20*LOG($C$29) -> 38.149076 | Z2: =DEGREES(O2) -> -59.874173 | AA2: =10*LOG(S2)+Q2+$P$37 -> 30.490677 | AB2: =DEGREES(T2+R2)+180 -> 137.77809
A3: 104.83348 | B3: =A3/1000 -> 0.10483348 | C3: =0.002*PI() -> 0.0062831853 | D3: =B3*$C$9*1000 -> 0.00030958344 | E3: =B3*1000*$C$18/(1+D3^2) -> 0.012383337 | F3: =D3*E3+$C$24 -> 0.0025038337 | G3: =E3 -> 0.012383337 | H3: =($C$40+($C$34*B3*1000)^2) -> 144.00847 | I3: =ATAN2($C$41,-(B3*1000)) -> -0.0076680095 | J3: =$C$48+$C$38*(B3*1000)/TAN($C$50*(B3*1000)) -> 9.7543365 | K3: =$C$51*B3*1000 -> -0.025354576 | L3: =F3*J3-G3*K3+$C$44 -> 0.067918035 | M3: =J3*G3+K3*F3+($C$55+$C$65)*B3*1000 -> 0.12060238 | N3: =H3/(L3^2+M3^2) -> 7516.9656 | O3: =I3-ATAN2(L3,M3) -> -1.0655762 | P3: =Main!C63/(Main!C63+Main!C67) -> 0.06688687 | Q3: =$P$4+10*LOG((1+($P$6*B3)^2)/(1+($P$8*B3)^2)) -> -23.493182 | R3: =DEGREES(ATAN(B3*$P$6)-ATAN(B3*$P$8)) -> 0 | S3: =((1+($P$24*B3*1000)^2)/((1-$P$28*B3*1000*$P$24*B3*1000)^2+$P$31*(B3*1000)^2))/(1+(B3/fea)^2) -> 0.50207474 | T3: =ATAN(B3*1000*$P$24)-ATAN2(1-$P$24*B3*1000*$P$28*B3*1000,B3*1000*$P$30)-ATAN(B3/fea) -> -0.75938373 | U3: =10*LOG(N3*S3)+Q3+$P$21 -> 68.131855 | V3: =DEGREES(T3+O3)+R3+180 -> 75.4375 | W3: =-U3 -> -68.131855 | Y3: =10*LOG(N3)+20*LOG($C$29) -> 37.840372 | Z3: =DEGREES(O3) -> -61.053017 | AA3: =10*LOG(S3)+Q3+$P$37 -> 30.291483 | AB3: =DEGREES(T3+R3)+180 -> 136.49052
A4: 109.90058 | B4: =A4/1000 -> 0.10990058 | C4: Cb*Rb*2*pi | D4: =B4*$C$9*1000 -> 0.0003245471 | E4: =B4*1000*$C$18/(1+D4^2) -> 0.012981882 | F4: =D4*E4+$C$24 -> 0.0025042132 | G4: =E4 -> 0.012981882 | H4: =($C$40+($C$34*B4*1000)^2) -> 144.00931 | I4: =ATAN2($C$41,-(B4*1000)) -> -0.0080386255 | J4: =$C$48+$C$38*(B4*1000)/TAN($C$50*(B4*1000)) -> 9.7543331 | K4: =$C$51*B4*1000 -> -0.026580084 | L4: =F4*J4-G4*K4+$C$44 -> 0.067952813 | M4: =J4*G4+K4*F4+($C$55+$C$65)*B4*1000 -> 0.12643161 | N4: =H4/(L4^2+M4^2) -> 6989.8821 | O4: =I4-ATAN2(L4,M4) -> -1.0856649 | P4: =20*LOG(P3*1) -> -23.493182 | Q4: =$P$4+10*LOG((1+($P$6*B4)^2)/(1+($P$8*B4)^2)) -> -23.493182 | R4: =DEGREES(ATAN(B4*$P$6)-ATAN(B4*$P$8)) -> 0 | S4: =((1+($P$24*B4*1000)^2)/((1-$P$28*B4*1000*$P$24*B4*1000)^2+$P$31*(B4*1000)^2))/(1+(B4/fea)^2) -> 0.47850242 | T4: =ATAN(B4*1000*$P$24)-ATAN2(1-$P$24*B4*1000*$P$28*B4*1000,B4*1000*$P$30)-ATAN(B4/fea) -> -0.78180612 | U4: =10*LOG(N4*S4)+Q4+$P$21 -> 67.607286 | V4: =DEGREES(T4+O4)+R4+180 -> 73.00179 | W4: =-U4 -> -67.607286 | Y4: =10*LOG(N4)+20*LOG($C$29) -> 37.524645 | Z4: =DEGREES(O4) -> -62.204019 | AA4: =10*LOG(S4)+Q4+$P$37 -> 30.082641 | AB4: =DEGREES(T4+R4)+180 -> 135.20581
A5: 115.21261 | B5: =A5/1000 -> 0.11521261 | D5: =B5*$C$9*1000 -> 0.00034023401 | E5: =B5*1000*$C$18/(1+D5^2) -> 0.013609359 | F5: =D5*E5+$C$24 -> 0.0025046304 | G5: =E5 -> 0.013609359 | H5: =($C$40+($C$34*B5*1000)^2) -> 144.01023 | I5: =ATAN2($C$41,-(B5*1000)) -> -0.0084271529 | J5: =$C$48+$C$38*(B5*1000)/TAN($C$50*(B5*1000)) -> 9.7543293 | K5: =$C$51*B5*1000 -> -0.027864827 | L5: =F5*J5-G5*K5+$C$44 -> 0.067991036 | M5: =J5*G5+K5*F5+($C$55+$C$65)*B5*1000 -> 0.13254259 | N5: =H5/(L5^2+M5^2) -> 6489.777 | O5: =I5-ATAN2(L5,M5) -> -1.1052498 | P5: R2*C2 | Q5: =$P$4+10*LOG((1+($P$6*B5)^2)/(1+($P$8*B5)^2)) -> -23.493182 | R5: =DEGREES(ATAN(B5*$P$6)-ATAN(B5*$P$8)) -> 0 | S5: =((1+($P$24*B5*1000)^2)/((1-$P$28*B5*1000*$P$24*B5*1000)^2+$P$31*(B5*1000)^2))/(1+(B5/fea)^2) -> 0.45502702 | T5: =ATAN(B5*1000*$P$24)-ATAN2(1-$P$24*B5*1000*$P$28*B5*1000,B5*1000*$P$30)-ATAN(B5/fea) -> -0.80412338 | U5: =10*LOG(N5*S5)+Q5+$P$21 -> 67.066415 | V5: =DEGREES(T5+O5)+R5+180 -> 70.600973 | W5: =-U5 -> -67.066415 | Y5: =10*LOG(N5)+20*LOG($C$29) -> 37.202244 | Z5: =DEGREES(O5) -> -63.326151 | AA5: =10*LOG(S5)+Q5+$P$37 -> 29.864171 | AB5: =DEGREES(T5+R5)+180 -> 133.92712
A6: 120.78138 | B6: =A6/1000 -> 0.12078138 | C6: Lb*Cb | D6: =B6*$C$9*1000 -> 0.00035667915 | E6: =B6*1000*$C$18/(1+D6^2) -> 0.014267164 | F6: =D6*E6+$C$24 -> 0.0025050888 | G6: =E6 -> 0.014267164 | H6: =($C$40+($C$34*B6*1000)^2) -> 144.01124 | I6: =ATAN2($C$41,-(B6*1000)) -> -0.0088344569 | J6: =$C$48+$C$38*(B6*1000)/TAN($C$50*(B6*1000)) -> 9.7543251 | K6: =$C$51*B6*1000 -> -0.029211667 | L6: =F6*J6-G6*K6+$C$44 -> 0.068033042 | M6: =J6*G6+K6*F6+($C$55+$C$65)*B6*1000 -> 0.13894894 | N6: =H6/(L6^2+M6^2) -> 6016.6879 | O6: =I6-ATAN2(L6,M6) -> -1.1243166 | P6: =Main!C67*Main!C69*PI()*0.000002 -> 0 | Q6: =$P$4+10*LOG((1+($P$6*B6)^2)/(1+($P$8*B6)^2)) -> -23.493182 | R6: =DEGREES(ATAN(B6*$P$6)-ATAN(B6*$P$8)) -> 0 | S6: =((1+($P$24*B6*1000)^2)/((1-$P$28*B6*1000*$P$24*B6*1000)^2+$P$31*(B6*1000)^2))/(1+(B6/fea)^2) -> 0.43175152 | T6: =ATAN(B6*1000*$P$24)-ATAN2(1-$P$24*B6*1000*$P$28*B6*1000,B6*1000*$P$30)-ATAN(B6/fea) -> -0.82628086 | U6: =10*LOG(N6*S6)+Q6+$P$21 -> 66.509659 | V6: =DEGREES(T6+O6)+R6+180 -> 68.238999 | W6: =-U6 -> -66.509659 | Y6: =10*LOG(N6)+20*LOG($C$29) -> 36.873521 | Z6: =DEGREES(O6) -> -64.418595 | AA6: =10*LOG(S6)+Q6+$P$37 -> 29.636138 | AB6: =DEGREES(T6+R6)+180 -> 132.65759
A7: 126.61933 | B7: =A7/1000 -> 0.12661933 | D7: =B7*$C$9*1000 -> 0.00037391917 | E7: =B7*1000*$C$18/(1+D7^2) -> 0.014956765 | F7: =D7*E7+$C$24 -> 0.0025055926 | G7: =E7 -> 0.014956765 | H7: =($C$40+($C$34*B7*1000)^2) -> 144.01235 | I7: =ATAN2($C$41,-(B7*1000)) -> -0.0092614446 | J7: =$C$48+$C$38*(B7*1000)/TAN($C$50*(B7*1000)) -> 9.7543205 | K7: =$C$51*B7*1000 -> -0.030623607 | L7: =F7*J7-G7*K7+$C$44 -> 0.068079208 | M7: =J7*G7+K7*F7+($C$55+$C$65)*B7*1000 -> 0.14566492 | N7: =H7/(L7^2+M7^2) -> 5570.4208 | O7: =I7-ATAN2(L7,M7) -> -1.1428544 | P7: Kref*R1*C12 | Q7: =$P$4+10*LOG((1+($P$6*B7)^2)/(1+($P$8*B7)^2)) -> -23.493182 | R7: =DEGREES(ATAN(B7*$P$6)-ATAN(B7*$P$8)) -> 0 | S7: =((1+($P$24*B7*1000)^2)/((1-$P$28*B7*1000*$P$24*B7*1000)^2+$P$31*(B7*1000)^2))/(1+(B7/fea)^2) -> 0.40877541 | T7: =ATAN(B7*1000*$P$24)-ATAN2(1-$P$24*B7*1000*$P$28*B7*1000,B7*1000*$P$30)-ATAN(B7/fea) -> -0.8482249 | U7: =10*LOG(N7*S7)+Q7+$P$21 -> 65.937473 | V7: =DEGREES(T7+O7)+R7+180 -> 65.919561 | W7: =-U7 -> -65.937473 | Y7: =10*LOG(N7)+20*LOG($C$29) -> 36.538826 | Z7: =DEGREES(O7) -> -65.480732 | AA7: =10*LOG(S7)+Q7+$P$37 -> 29.398647 | AB7: =DEGREES(T7+R7)+180 -> 131.40029
A8: 132.73945 | B8: =A8/1000 -> 0.13273945 | C8: Cc*Rc*2*PI | D8: =B8*$C$9*1000 -> 0.00039199247 | E8: =B8*1000*$C$18/(1+D8^2) -> 0.015679696 | F8: =D8*E8+$C$24 -> 0.0025061463 | G8: =E8 -> 0.015679696 | H8: =($C$40+($C$34*B8*1000)^2) -> 144.01358 | I8: =ATAN2($C$41,-(B8*1000)) -> -0.0097090672 | J8: =$C$48+$C$38*(B8*1000)/TAN($C$50*(B8*1000)) -> 9.7543154 | K8: =$C$51*B8*1000 -> -0.032103793 | L8: =F8*J8-G8*K8+$C$44 -> 0.068129944 | M8: =J8*G8+K8*F8+($C$55+$C$65)*B8*1000 -> 0.1527055 | N8: =H8/(L8^2+M8^2) -> 5150.5785 | O8: =I8-ATAN2(L8,M8) -> -1.1608556 | P8: =P3*Main!C67*(Main!C69+Main!C71)*PI()*0.000002*2 -> 0 | Q8: =$P$4+10*LOG((1+($P$6*B8)^2)/(1+($P$8*B8)^2)) -> -23.493182 | R8: =DEGREES(ATAN(B8*$P$6)-ATAN(B8*$P$8)) -> 0 | S8: =((1+($P$24*B8*1000)^2)/((1-$P$28*B8*1000*$P$24*B8*1000)^2+$P$31*(B8*1000)^2))/(1+(B8/fea)^2) -> 0.38619301 | T8: =ATAN(B8*1000*$P$24)-ATAN2(1-$P$24*B8*1000*$P$28*B8*1000,B8*1000*$P$30)-ATAN(B8/fea) -> -0.86990333 | U8: =10*LOG(N8*S8)+Q8+$P$21 -> 65.35035 | V8: =DEGREES(T8+O8)+R8+180 -> 63.646081 | W8: =-U8 -> -65.35035 | Y8: =10*LOG(N8)+20*LOG($C$29) -> 36.198506 | Z8: =DEGREES(O8) -> -66.512129 | AA8: =10*LOG(S8)+Q8+$P$37 -> 29.151843 | AB8: =DEGREES(T8+R8)+180 -> 130.15821
A9: 139.15538 | B9: =A9/1000 -> 0.13915538 | C9: =Main!G22*C3*Main!G23*10^-6 -> 2.9530971e-06 | D9: =B9*$C$9*1000 -> 0.00041093935 | E9: =B9*1000*$C$18/(1+D9^2) -> 0.016437571 | F9: =D9*E9+$C$24 -> 0.0025067548 | G9: =E9 -> 0.016437571 | H9: =($C$40+($C$34*B9*1000)^2) -> 144.01492 | I9: =ATAN2($C$41,-(B9*1000)) -> -0.010178321 | J9: =$C$48+$C$38*(B9*1000)/TAN($C$50*(B9*1000)) -> 9.7543099 | K9: =$C$51*B9*1000 -> -0.033655523 | L9: =F9*J9-G9*K9+$C$44 -> 0.068185703 | M9: =J9*G9+K9*F9+($C$55+$C$65)*B9*1000 -> 0.16008638 | N9: =H9/(L9^2+M9^2) -> 4756.5879 | O9: =I9-ATAN2(L9,M9) -> -1.178316 | Q9: =$P$4+10*LOG((1+($P$6*B9)^2)/(1+($P$8*B9)^2)) -> -23.493182 | R9: =DEGREES(ATAN(B9*$P$6)-ATAN(B9*$P$8)) -> 0 | S9: =((1+($P$24*B9*1000)^2)/((1-$P$28*B9*1000*$P$24*B9*1000)^2+$P$31*(B9*1000)^2))/(1+(B9/fea)^2) -> 0.36409201 | T9: =ATAN(B9*1000*$P$24)-ATAN2(1-$P$24*B9*1000*$P$28*B9*1000,B9*1000*$P$30)-ATAN(B9/fea) -> -0.89126598 | U9: =10*LOG(N9*S9)+Q9+$P$21 -> 64.748812 | V9: =DEGREES(T9+O9)+R9+180 -> 61.421689 | W9: =-U9 -> -64.748812 | Y9: =10*LOG(N9)+20*LOG($C$29) -> 35.852902 | Z9: =DEGREES(O9) -> -67.512531 | AA9: =10*LOG(S9)+Q9+$P$37 -> 28.895911 | AB9: =DEGREES(T9+R9)+180 -> 128.93422
A10: 145.88143 | B10: =A10/1000 -> 0.14588143 | C10: Lc*Cc | D10: =B10*$C$9*1000 -> 0.00043080202 | E10: =B10*1000*$C$18/(1+D10^2) -> 0.017232077 | F10: =D10*E10+$C$24 -> 0.0025074236 | G10: =E10 -> 0.017232077 | H10: =($C$40+($C$34*B10*1000)^2) -> 144.0164 | I10: =ATAN2($C$41,-(B10*1000)) -> -0.010670252 | J10: =$C$48+$C$38*(B10*1000)/TAN($C$50*(B10*1000)) -> 9.7543038 | K10: =$C$51*B10*1000 -> -0.035282256 | L10: =F10*J10-G10*K10+$C$44 -> 0.068246982 | M10: =J10*G10+K10*F10+($C$55+$C$65)*B10*1000 -> 0.16782399 | N10: =H10/(L10^2+M10^2) -> 4387.7283 | O10: =I10-ATAN2(L10,M10) -> -1.1952337 | P10: G_D, mag | Q10: =$P$4+10*LOG((1+($P$6*B10)^2)/(1+($P$8*B10)^2)) -> -23.493182 | R10: =DEGREES(ATAN(B10*$P$6)-ATAN(B10*$P$8)) -> 0 | S10: =((1+($P$24*B10*1000)^2)/((1-$P$28*B10*1000*$P$24*B10*1000)^2+$P$31*(B10*1000)^2))/(1+(B10/fea)^2) -> 0.34255223 | T10: =ATAN(B10*1000*$P$24)-ATAN2(1-$P$24*B10*1000*$P$28*B10*1000,B10*1000*$P$30)-ATAN(B10/fea) -> -0.91226512 | U10: =10*LOG(N10*S10)+Q10+$P$21 -> 64.133411 | V10: =DEGREES(T10+O10)+R10+180 -> 59.249213 | W10: =-U10 -> -64.133411 | Y10: =10*LOG(N10)+20*LOG($C$29) -> 35.502344 | Z10: =DEGREES(O10) -> -68.481845 | AA10: =10*LOG(S10)+Q10+$P$37 -> 28.631067 | AB10: =DEGREES(T10+R10)+180 -> 127.73106
A11: 152.93257 | B11: =A11/1000 -> 0.15293257 | D11: =B11*$C$9*1000 -> 0.00045162474 | E11: =B11*1000*$C$18/(1+D11^2) -> 0.018064986 | F11: =D11*E11+$C$24 -> 0.0025081586 | G11: =E11 -> 0.018064986 | H11: =($C$40+($C$34*B11*1000)^2) -> 144.01802 | I11: =ATAN2($C$41,-(B11*1000)) -> -0.011185954 | J11: =$C$48+$C$38*(B11*1000)/TAN($C$50*(B11*1000)) -> 9.7542971 | K11: =$C$51*B11*1000 -> -0.036987616 | L11: =F11*J11-G11*K11+$C$44 -> 0.068314329 | M11: =J11*G11+K11*F11+($C$55+$C$65)*B11*1000 -> 0.17593558 | N11: =H11/(L11^2+M11^2) -> 4043.1588 | O11: =I11-ATAN2(L11,M11) -> -1.2116098 | P11: =P3*SQRT((1+(P6*Main!C60)^2)/(1+(Main!C60*P8)^2)) -> 0.06688687 | Q11: =$P$4+10*LOG((1+($P$6*B11)^2)/(1+($P$8*B11)^2)) -> -23.493182 | R11: =DEGREES(ATAN(B11*$P$6)-ATAN(B11*$P$8)) -> 0 | S11: =((1+($P$24*B11*1000)^2)/((1-$P$28*B11*1000*$P$24*B11*1000)^2+$P$31*(B11*1000)^2))/(1+(B11/fea)^2) -> 0.32164463 | T11: =ATAN(B11*1000*$P$24)-ATAN2(1-$P$24*B11*1000*$P$28*B11*1000,B11*1000*$P$30)-ATAN(B11/fea) -> -0.9328558 | U11: =10*LOG(N11*S11)+Q11+$P$21 -> 63.504717 | V11: =DEGREES(T11+O11)+R11+180 -> 57.131171 | W11: =-U11 -> -63.504717 | Y11: =10*LOG(N11)+20*LOG($C$29) -> 35.147154 | Z11: =DEGREES(O11) -> -69.420128 | AA11: =10*LOG(S11)+Q11+$P$37 -> 28.357562 | AB11: =DEGREES(T11+R11)+180 -> 126.5513
A12: 160.32454 | B12: =A12/1000 -> 0.16032454 | C12: 2*PI()*Cb | D12: =B12*$C$9*1000 -> 0.00047345393 | E12: =B12*1000*$C$18/(1+D12^2) -> 0.018938153 | F12: =D12*E12+$C$24 -> 0.0025089663 | G12: =E12 -> 0.018938153 | H12: =($C$40+($C$34*B12*1000)^2) -> 144.0198 | I12: =ATAN2($C$41,-(B12*1000)) -> -0.011726577 | J12: =$C$48+$C$38*(B12*1000)/TAN($C$50*(B12*1000)) -> 9.7542897 | K12: =$C$51*B12*1000 -> -0.038775405 | L12: =F12*J12-G12*K12+$C$44 -> 0.068388343 | M12: =J12*G12+K12*F12+($C$55+$C$65)*B12*1000 -> 0.18443921 | N12: =H12/(L12^2+M12^2) -> 3721.9432 | O12: =I12-ATAN2(L12,M12) -> -1.2274477 | P12: G_D,arg | Q12: =$P$4+10*LOG((1+($P$6*B12)^2)/(1+($P$8*B12)^2)) -> -23.493182 | R12: =DEGREES(ATAN(B12*$P$6)-ATAN(B12*$P$8)) -> 0 | S12: =((1+($P$24*B12*1000)^2)/((1-$P$28*B12*1000*$P$24*B12*1000)^2+$P$31*(B12*1000)^2))/(1+(B12/fea)^2) -> 0.30143061 | T12: =ATAN(B12*1000*$P$24)-ATAN2(1-$P$24*B12*1000*$P$28*B12*1000,B12*1000*$P$30)-ATAN(B12/fea) -> -0.95299618 | U12: =10*LOG(N12*S12)+Q12+$P$21 -> 62.863317 | V12: =DEGREES(T12+O12)+R12+180 -> 55.069769 | W12: =-U12 -> -62.863317 | Y12: =10*LOG(N12)+20*LOG($C$29) -> 34.787644 | Z12: =DEGREES(O12) -> -70.327572 | AA12: =10*LOG(S12)+Q12+$P$37 -> 28.075673 | AB12: =DEGREES(T12+R12)+180 -> 125.39734
A13: 168.07379 | B13: =A13/1000 -> 0.16807379 | D13: =B13*$C$9*1000 -> 0.00049633823 | E13: =B13*1000*$C$18/(1+D13^2) -> 0.019853524 | F13: =D13*E13+$C$24 -> 0.0025098541 | G13: =E13 -> 0.019853524 | H13: =($C$40+($C$34*B13*1000)^2) -> 144.02176 | I13: =ATAN2($C$41,-(B13*1000)) -> -0.012293322 | J13: =$C$48+$C$38*(B13*1000)/TAN($C$50*(B13*1000)) -> 9.7542816 | K13: =$C$51*B13*1000 -> -0.040649606 | L13: =F13*J13-G13*K13+$C$44 -> 0.068469685 | M13: =J13*G13+K13*F13+($C$55+$C$65)*B13*1000 -> 0.19335384 | N13: =H13/(L13^2+M13^2) -> 3423.0743 | O13: =I13-ATAN2(L13,M13) -> -1.2427527 | P13: =ATAN(P6*Main!C60)-ATAN(Main!C60*BodI!P8) -> 0 | Q13: =$P$4+10*LOG((1+($P$6*B13)^2)/(1+($P$8*B13)^2)) -> -23.493182 | R13: =DEGREES(ATAN(B13*$P$6)-ATAN(B13*$P$8)) -> 0 | S13: =((1+($P$24*B13*1000)^2)/((1-$P$28*B13*1000*$P$24*B13*1000)^2+$P$31*(B13*1000)^2))/(1+(B13/fea)^2) -> 0.28196164 | T13: =ATAN(B13*1000*$P$24)-ATAN2(1-$P$24*B13*1000*$P$28*B13*1000,B13*1000*$P$30)-ATAN(B13/fea) -> -0.97264775 | U13: =10*LOG(N13*S13)+Q13+$P$21 -> 62.209809 | V13: =DEGREES(T13+O13)+R13+180 -> 53.066902 | W13: =-U13 -> -62.209809 | Y13: =10*LOG(N13)+20*LOG($C$29) -> 34.42411 | Z13: =DEGREES(O13) -> -71.204487 | AA13: =10*LOG(S13)+Q13+$P$37 -> 27.7857 | AB13: =DEGREES(T13+R13)+180 -> 124.27139
A14: 176.1976 | B14: =A14/1000 -> 0.1761976 | D14: =B14*$C$9*1000 -> 0.00052032863 | E14: =B14*1000*$C$18/(1+D14^2) -> 0.02081314 | F14: =D14*E14+$C$24 -> 0.0025108297 | G14: =E14 -> 0.02081314 | H14: =($C$40+($C$34*B14*1000)^2) -> 144.02392 | I14: =ATAN2($C$41,-(B14*1000)) -> -0.012887453 | J14: =$C$48+$C$38*(B14*1000)/TAN($C$50*(B14*1000)) -> 9.7542728 | K14: =$C$51*B14*1000 -> -0.042614397 | L14: =F14*J14-G14*K14+$C$44 -> 0.068559081 | M14: =J14*G14+K14*F14+($C$55+$C$65)*B14*1000 -> 0.20269933 | N14: =H14/(L14^2+M14^2) -> 3145.4948 | O14: =I14-ATAN2(L14,M14) -> -1.2575323 | Q14: =$P$4+10*LOG((1+($P$6*B14)^2)/(1+($P$8*B14)^2)) -> -23.493182 | R14: =DEGREES(ATAN(B14*$P$6)-ATAN(B14*$P$8)) -> 0 | S14: =((1+($P$24*B14*1000)^2)/((1-$P$28*B14*1000*$P$24*B14*1000)^2+$P$31*(B14*1000)^2))/(1+(B14/fea)^2) -> 0.26327908 | T14: =ATAN(B14*1000*$P$24)-ATAN2(1-$P$24*B14*1000*$P$28*B14*1000,B14*1000*$P$30)-ATAN(B14/fea) -> -0.99177546 | U14: =10*LOG(N14*S14)+Q14+$P$21 -> 61.544799 | V14: =DEGREES(T14+O14)+R14+180 -> 51.124156 | W14: =-U14 -> -61.544799 | Y14: =10*LOG(N14)+20*LOG($C$29) -> 34.056836 | Z14: =DEGREES(O14) -> -72.051295 | AA14: =10*LOG(S14)+Q14+$P$37 -> 27.487963 | AB14: =DEGREES(T14+R14)+180 -> 123.17545
A15: 184.71408 | B15: =A15/1000 -> 0.18471408 | C15: 2*PI()*Cc | D15: =B15*$C$9*1000 -> 0.00054547861 | E15: =B15*1000*$C$18/(1+D15^2) -> 0.021819138 | F15: =D15*E15+$C$24 -> 0.0025119019 | G15: =E15 -> 0.021819138 | H15: =($C$40+($C$34*B15*1000)^2) -> 144.02629 | I15: =ATAN2($C$41,-(B15*1000)) -> -0.013510292 | J15: =$C$48+$C$38*(B15*1000)/TAN($C$50*(B15*1000)) -> 9.754263 | K15: =$C$51*B15*1000 -> -0.044674155 | L15: =F15*J15-G15*K15+$C$44 -> 0.068657327 | M15: =J15*G15+K15*F15+($C$55+$C$65)*B15*1000 -> 0.21249649 | N15: =H15/(L15^2+M15^2) -> 2888.1165 | O15: =I15-ATAN2(L15,M15) -> -1.2717954 | Q15: =$P$4+10*LOG((1+($P$6*B15)^2)/(1+($P$8*B15)^2)) -> -23.493182 | R15: =DEGREES(ATAN(B15*$P$6)-ATAN(B15*$P$8)) -> 0 | S15: =((1+($P$24*B15*1000)^2)/((1-$P$28*B15*1000*$P$24*B15*1000)^2+$P$31*(B15*1000)^2))/(1+(B15/fea)^2) -> 0.24541431 | T15: =ATAN(B15*1000*$P$24)-ATAN2(1-$P$24*B15*1000*$P$28*B15*1000,B15*1000*$P$30)-ATAN(B15/fea) -> -1.0103479 | U15: =10*LOG(N15*S15)+Q15+$P$21 -> 60.868892 | V15: =DEGREES(T15+O15)+R15+180 -> 49.242823 | W15: =-U15 -> -60.868892 | Y15: =10*LOG(N15)+20*LOG($C$29) -> 33.686093 | Z15: =DEGREES(O15) -> -72.868509 | AA15: =10*LOG(S15)+Q15+$P$37 -> 27.182798 | AB15: =DEGREES(T15+R15)+180 -> 122.11133
A16: 193.6422 | B16: =A16/1000 -> 0.1936422 | C16: =C3*Main!G22*10^-3 -> 2.9530971e-05 | D16: =B16*$C$9*1000 -> 0.00057184421 | E16: =B16*1000*$C$18/(1+D16^2) -> 0.022873761 | F16: =D16*E16+$C$24 -> 0.0025130802 | G16: =E16 -> 0.022873761 | H16: =($C$40+($C$34*B16*1000)^2) -> 144.02889 | I16: =ATAN2($C$41,-(B16*1000)) -> -0.014163224 | J16: =$C$48+$C$38*(B16*1000)/TAN($C$50*(B16*1000)) -> 9.7542522 | K16: =$C$51*B16*1000 -> -0.046833471 | L16: =F16*J16-G16*K16+$C$44 -> 0.0687653 | M16: =J16*G16+K16*F16+($C$55+$C$65)*B16*1000 -> 0.22276716 | N16: =H16/(L16^2+M16^2) -> 2649.8368 | O16: =I16-ATAN2(L16,M16) -> -1.2855523 | P16: =SQRT(LOOKUP(Main!C60,B2:B200,N2:N200))*C29 -> 0.83608103 | Q16: =$P$4+10*LOG((1+($P$6*B16)^2)/(1+($P$8*B16)^2)) -> -23.493182 | R16: =DEGREES(ATAN(B16*$P$6)-ATAN(B16*$P$8)) -> 0 | S16: =((1+($P$24*B16*1000)^2)/((1-$P$28*B16*1000*$P$24*B16*1000)^2+$P$31*(B16*1000)^2))/(1+(B16/fea)^2) -> 0.2283891 | T16: =ATAN(B16*1000*$P$24)-ATAN2(1-$P$24*B16*1000*$P$28*B16*1000,B16*1000*$P$30)-ATAN(B16/fea) -> -1.0283371 | U16: =10*LOG(N16*S16)+Q16+$P$21 -> 60.182691 | V16: =DEGREES(T16+O16)+R16+180 -> 47.423904 | W16: =-U16 -> -60.182691 | Y16: =10*LOG(N16)+20*LOG($C$29) -> 33.312138 | Z16: =DEGREES(O16) -> -73.656722 | AA16: =10*LOG(S16)+Q16+$P$37 -> 26.870553 | AB16: =DEGREES(T16+R16)+180 -> 121.08063
A17: 203.00185 | B17: =A17/1000 -> 0.20300185 | C17: Cc*nc*2*pi() | D17: =B17*$C$9*1000 -> 0.00059948418 | E17: =B17*1000*$C$18/(1+D17^2) -> 0.023979359 | F17: =D17*E17+$C$24 -> 0.0025143752 | G17: =E17 -> 0.023979359 | H17: =($C$40+($C$34*B17*1000)^2) -> 144.03175 | I17: =ATAN2($C$41,-(B17*1000)) -> -0.014847702 | J17: =$C$48+$C$38*(B17*1000)/TAN($C$50*(B17*1000)) -> 9.7542404 | K17: =$C$51*B17*1000 -> -0.049097157 | L17: =F17*J17-G17*K17+$C$44 -> 0.068883963 | M17: =J17*G17+K17*F17+($C$55+$C$65)*B17*1000 -> 0.23353421 | N17: =H17/(L17^2+M17^2) -> 2429.5532 | O17: =I17-ATAN2(L17,M17) -> -1.2988147 | P17: =LOOKUP(Main!C60,B2:B200,O2:O200) -> -1.9615552 | Q17: =$P$4+10*LOG((1+($P$6*B17)^2)/(1+($P$8*B17)^2)) -> -23.493182 | R17: =DEGREES(ATAN(B17*$P$6)-ATAN(B17*$P$8)) -> 0 | S17: =((1+($P$24*B17*1000)^2)/((1-$P$28*B17*1000*$P$24*B17*1000)^2+$P$31*(B17*1000)^2))/(1+(B17/fea)^2) -> 0.21221607 | T17: =ATAN(B17*1000*$P$24)-ATAN2(1-$P$24*B17*1000*$P$28*B17*1000,B17*1000*$P$30)-ATAN(B17/fea) -> -1.0457187 | U17: =10*LOG(N17*S17)+Q17+$P$21 -> 59.486792 | V17: =DEGREES(T17+O17)+R17+180 -> 45.668132 | W17: =-U17 -> -59.486792 | Y17: =10*LOG(N17)+20*LOG($C$29) -> 32.93521 | Z17: =DEGREES(O17) -> -74.416599 | AA17: =10*LOG(S17)+Q17+$P$37 -> 26.551582 | AB17: =DEGREES(T17+R17)+180 -> 120.08473
A18: 212.8139 | B18: =A18/1000 -> 0.2128139 | C18: =C16*Main!G24 -> 0.00011812388 | D18: =B18*$C$9*1000 -> 0.00062846012 | E18: =B18*1000*$C$18/(1+D18^2) -> 0.025138395 | F18: =D18*E18+$C$24 -> 0.0025157985 | G18: =E18 -> 0.025138395 | H18: =($C$40+($C$34*B18*1000)^2) -> 144.03489 | I18: =ATAN2($C$41,-(B18*1000)) -> -0.015565249 | J18: =$C$48+$C$38*(B18*1000)/TAN($C$50*(B18*1000)) -> 9.7542275 | K18: =$C$51*B18*1000 -> -0.051470258 | L18: =F18*J18-G18*K18+$C$44 -> 0.069014374 | M18: =J18*G18+K18*F18+($C$55+$C$65)*B18*1000 -> 0.24482163 | N18: =H18/(L18^2+M18^2) -> 2226.1751 | O18: =I18-ATAN2(L18,M18) -> -1.3115951 | Q18: =$P$4+10*LOG((1+($P$6*B18)^2)/(1+($P$8*B18)^2)) -> -23.493182 | R18: =DEGREES(ATAN(B18*$P$6)-ATAN(B18*$P$8)) -> 0 | S18: =((1+($P$24*B18*1000)^2)/((1-$P$28*B18*1000*$P$24*B18*1000)^2+$P$31*(B18*1000)^2))/(1+(B18/fea)^2) -> 0.19689946 | T18: =ATAN(B18*1000*$P$24)-ATAN2(1-$P$24*B18*1000*$P$28*B18*1000,B18*1000*$P$30)-ATAN(B18/fea) -> -1.0624719 | U18: =10*LOG(N18*S18)+Q18+$P$21 -> 58.781784 | V18: =DEGREES(T18+O18)+R18+180 -> 43.975983 | W18: =-U18 -> -58.781784 | Y18: =10*LOG(N18)+20*LOG($C$29) -> 32.55554 | Z18: =DEGREES(O18) -> -75.148861 | AA18: =10*LOG(S18)+Q18+$P$37 -> 26.226245 | AB18: =DEGREES(T18+R18)+180 -> 119.12484
A19: 223.10022 | B19: =A19/1000 -> 0.22310022 | C19: nb+Yo*Rb | D19: =B19*$C$9*1000 -> 0.00065883661 | E19: =B19*1000*$C$18/(1+D19^2) -> 0.026353453 | F19: =D19*E19+$C$24 -> 0.0025173626 | G19: =E19 -> 0.026353453 | H19: =($C$40+($C$34*B19*1000)^2) -> 144.03835 | I19: =ATAN2($C$41,-(B19*1000)) -> -0.016317462 | J19: =$C$48+$C$38*(B19*1000)/TAN($C$50*(B19*1000)) -> 9.7542132 | K19: =$C$51*B19*1000 -> -0.053958062 | L19: =F19*J19-G19*K19+$C$44 -> 0.069157697 | M19: =J19*G19+K19*F19+($C$55+$C$65)*B19*1000 -> 0.25665456 | N19: =H19/(L19^2+M19^2) -> 2038.6338 | O19: =I19-ATAN2(L19,M19) -> -1.3239069 | P19: Fm*Ath*gm*Roth | Q19: =$P$4+10*LOG((1+($P$6*B19)^2)/(1+($P$8*B19)^2)) -> -23.493182 | R19: =DEGREES(ATAN(B19*$P$6)-ATAN(B19*$P$8)) -> 0 | S19: =((1+($P$24*B19*1000)^2)/((1-$P$28*B19*1000*$P$24*B19*1000)^2+$P$31*(B19*1000)^2))/(1+(B19/fea)^2) -> 0.18243582 | T19: =ATAN(B19*1000*$P$24)-ATAN2(1-$P$24*B19*1000*$P$28*B19*1000,B19*1000*$P$30)-ATAN(B19/fea) -> -1.078579 | U19: =10*LOG(N19*S19)+Q19+$P$21 -> 58.068239 | V19: =DEGREES(T19+O19)+R19+180 -> 42.347696 | W19: =-U19 -> -58.068239 | Y19: =10*LOG(N19)+20*LOG($C$29) -> 32.173339 | Z19: =DEGREES(O19) -> -75.85428 | AA19: =10*LOG(S19)+Q19+$P$37 -> 25.8949 | AB19: =DEGREES(T19+R19)+180 -> 118.20198
A20: 233.88372 | B20: =A20/1000 -> 0.23388372 | D20: =B20*$C$9*1000 -> 0.00069068135 | E20: =B20*1000*$C$18/(1+D20^2) -> 0.027627241 | F20: =D20*E20+$C$24 -> 0.0025190816 | G20: =E20 -> 0.027627241 | H20: =($C$40+($C$34*B20*1000)^2) -> 144.04214 | I20: =ATAN2($C$41,-(B20*1000)) -> -0.017106013 | J20: =$C$48+$C$38*(B20*1000)/TAN($C$50*(B20*1000)) -> 9.7541975 | K20: =$C$51*B20*1000 -> -0.056566114 | L20: =F20*J20-G20*K20+$C$44 -> 0.069315209 | M20: =J20*G20+K20*F20+($C$55+$C$65)*B20*1000 -> 0.26905936 | N20: =H20/(L20^2+M20^2) -> 1865.8904 | O20: =I20-ATAN2(L20,M20) -> -1.3357644 | P20: =20*LOG(C29*PS!B76) -> -73.685497 | Q20: =$P$4+10*LOG((1+($P$6*B20)^2)/(1+($P$8*B20)^2)) -> -23.493182 | R20: =DEGREES(ATAN(B20*$P$6)-ATAN(B20*$P$8)) -> 0 | S20: =((1+($P$24*B20*1000)^2)/((1-$P$28*B20*1000*$P$24*B20*1000)^2+$P$31*(B20*1000)^2))/(1+(B20/fea)^2) -> 0.16881493 | T20: =ATAN(B20*1000*$P$24)-ATAN2(1-$P$24*B20*1000*$P$28*B20*1000,B20*1000*$P$30)-ATAN(B20/fea) -> -1.0940255 | U20: =10*LOG(N20*S20)+Q20+$P$21 -> 57.346716 | V20: =DEGREES(T20+O20)+R20+180 -> 40.783295 | W20: =-U20 -> -57.346716 | Y20: =10*LOG(N20)+20*LOG($C$29) -> 31.788808 | Z20: =DEGREES(O20) -> -76.533662 | AA20: =10*LOG(S20)+Q20+$P$37 -> 25.557908 | AB20: =DEGREES(T20+R20)+180 -> 117.31696
A21: 245.18845 | B21: =A21/1000 -> 0.24518845 | C21: nc | D21: =B21*$C$9*1000 -> 0.00072406529 | E21: =B21*1000*$C$18/(1+D21^2) -> 0.028962596 | F21: =D21*E21+$C$24 -> 0.0025209708 | G21: =E21 -> 0.028962596 | H21: =($C$40+($C$34*B21*1000)^2) -> 144.04632 | I21: =ATAN2($C$41,-(B21*1000)) -> -0.017932655 | J21: =$C$48+$C$38*(B21*1000)/TAN($C$50*(B21*1000)) -> 9.7541803 | K21: =$C$51*B21*1000 -> -0.059300226 | L21: =F21*J21-G21*K21+$C$44 -> 0.069488316 | M21: =J21*G21+K21*F21+($C$55+$C$65)*B21*1000 -> 0.28206367 | N21: =H21/(L21^2+M21^2) -> 1706.9417 | O21: =I21-ATAN2(L21,M21) -> -1.3471821 | P21: =P20+20*LOG(PS!B81*1000) -> 55.856928 | Q21: =$P$4+10*LOG((1+($P$6*B21)^2)/(1+($P$8*B21)^2)) -> -23.493182 | R21: =DEGREES(ATAN(B21*$P$6)-ATAN(B21*$P$8)) -> 0 | S21: =((1+($P$24*B21*1000)^2)/((1-$P$28*B21*1000*$P$24*B21*1000)^2+$P$31*(B21*1000)^2))/(1+(B21/fea)^2) -> 0.15602067 | T21: =ATAN(B21*1000*$P$24)-ATAN2(1-$P$24*B21*1000*$P$28*B21*1000,B21*1000*$P$30)-ATAN(B21/fea) -> -1.1087997 | U21: =10*LOG(N21*S21)+Q21+$P$21 -> 56.617754 | V21: =DEGREES(T21+O21)+R21+180 -> 39.282607 | W21: =-U21 -> -56.617754 | Y21: =10*LOG(N21)+20*LOG($C$29) -> 31.402133 | Z21: =DEGREES(O21) -> -77.187848 | AA21: =10*LOG(S21)+Q21+$P$37 -> 25.215621 | AB21: =DEGREES(T21+R21)+180 -> 116.47046
A22: 257.03958 | B22: =A22/1000 -> 0.25703958 | C22: =Main!G24 -> 4 | D22: =B22*$C$9*1000 -> 0.00075906283 | E22: =B22*1000*$C$18/(1+D22^2) -> 0.030362496 | F22: =D22*E22+$C$24 -> 0.002523047 | G22: =E22 -> 0.030362496 | H22: =($C$40+($C$34*B22*1000)^2) -> 144.0509 | I22: =ATAN2($C$41,-(B22*1000)) -> -0.018799227 | J22: =$C$48+$C$38*(B22*1000)/TAN($C$50*(B22*1000)) -> 9.7541614 | K22: =$C$51*B22*1000 -> -0.06216649 | L22: =F22*J22-G22*K22+$C$44 -> 0.069678562 | M22: =J22*G22+K22*F22+($C$55+$C$65)*B22*1000 -> 0.29569644 | N22: =H22/(L22^2+M22^2) -> 1560.8255 | O22: =I22-ATAN2(L22,M22) -> -1.3581751 | Q22: =$P$4+10*LOG((1+($P$6*B22)^2)/(1+($P$8*B22)^2)) -> -23.493182 | R22: =DEGREES(ATAN(B22*$P$6)-ATAN(B22*$P$8)) -> 0 | S22: =((1+($P$24*B22*1000)^2)/((1-$P$28*B22*1000*$P$24*B22*1000)^2+$P$31*(B22*1000)^2))/(1+(B22/fea)^2) -> 0.14403188 | T22: =ATAN(B22*1000*$P$24)-ATAN2(1-$P$24*B22*1000*$P$28*B22*1000,B22*1000*$P$30)-ATAN(B22/fea) -> -1.1228928 | U22: =10*LOG(N22*S22)+Q22+$P$21 -> 55.881876 | V22: =DEGREES(T22+O22)+R22+180 -> 37.845283 | W22: =-U22 -> -55.881876 | Y22: =10*LOG(N22)+20*LOG($C$29) -> 31.01349 | Z22: =DEGREES(O22) -> -77.8177 | AA22: =10*LOG(S22)+Q22+$P$37 -> 24.868386 | AB22: =DEGREES(T22+R22)+180 -> 115.66298
A23: 269.46353 | B23: =A23/1000 -> 0.26946353 | C23: Yo | D23: =B23*$C$9*1000 -> 0.00079575198 | E23: =B23*1000*$C$18/(1+D23^2) -> 0.031830059 | F23: =D23*E23+$C$24 -> 0.0025253288 | G23: =E23 -> 0.031830059 | H23: =($C$40+($C$34*B23*1000)^2) -> 144.05594 | I23: =ATAN2($C$41,-(B23*1000)) -> -0.019707654 | J23: =$C$48+$C$38*(B23*1000)/TAN($C$50*(B23*1000)) -> 9.7541406 | K23: =$C$51*B23*1000 -> -0.065171294 | L23: =F23*J23-G23*K23+$C$44 -> 0.069887643 | M23: =J23*G23+K23*F23+($C$55+$C$65)*B23*1000 -> 0.30998804 | N23: =H23/(L23^2+M23^2) -> 1426.6232 | O23: =I23-ATAN2(L23,M23) -> -1.3687587 | P23: RthCth | Q23: =$P$4+10*LOG((1+($P$6*B23)^2)/(1+($P$8*B23)^2)) -> -23.493182 | R23: =DEGREES(ATAN(B23*$P$6)-ATAN(B23*$P$8)) -> 0 | S23: =((1+($P$24*B23*1000)^2)/((1-$P$28*B23*1000*$P$24*B23*1000)^2+$P$31*(B23*1000)^2))/(1+(B23/fea)^2) -> 0.13282329 | T23: =ATAN(B23*1000*$P$24)-ATAN2(1-$P$24*B23*1000*$P$28*B23*1000,B23*1000*$P$30)-ATAN(B23/fea) -> -1.1362981 | U23: =10*LOG(N23*S23)+Q23+$P$21 -> 55.139581 | V23: =DEGREES(T23+O23)+R23+180 -> 36.470819 | W23: =-U23 -> -55.139581 | Y23: =10*LOG(N23)+20*LOG($C$29) -> 30.623039 | Z23: =DEGREES(O23) -> -78.424096 | AA23: =10*LOG(S23)+Q23+$P$37 -> 24.516542 | AB23: =DEGREES(T23+R23)+180 -> 114.89492
A24: 282.488 | B24: =A24/1000 -> 0.282488 | C24: =(1-PS!B73)*Main!G58/Main!C13 -> 0.0025 | D24: =B24*$C$9*1000 -> 0.00083421448 | E24: =B24*1000*$C$18/(1+D24^2) -> 0.033368556 | F24: =D24*E24+$C$24 -> 0.0025278365 | G24: =E24 -> 0.033368556 | H24: =($C$40+($C$34*B24*1000)^2) -> 144.06148 | I24: =ATAN2($C$41,-(B24*1000)) -> -0.020659954 | J24: =$C$48+$C$38*(B24*1000)/TAN($C$50*(B24*1000)) -> 9.7541177 | K24: =$C$51*B24*1000 -> -0.068321335 | L24: =F24*J24-G24*K24+$C$44 -> 0.070117424 | M24: =J24*G24+K24*F24+($C$55+$C$65)*B24*1000 -> 0.32497029 | N24: =H24/(L24^2+M24^2) -> 1303.4626 | O24: =I24-ATAN2(L24,M24) -> -1.3789484 | P24: =Main!G65*2*Main!G67*PI()*10^-9 -> 0.00024215396 | Q24: =$P$4+10*LOG((1+($P$6*B24)^2)/(1+($P$8*B24)^2)) -> -23.493182 | R24: =DEGREES(ATAN(B24*$P$6)-ATAN(B24*$P$8)) -> 0 | S24: =((1+($P$24*B24*1000)^2)/((1-$P$28*B24*1000*$P$24*B24*1000)^2+$P$31*(B24*1000)^2))/(1+(B24/fea)^2) -> 0.1223663 | T24: =ATAN(B24*1000*$P$24)-ATAN2(1-$P$24*B24*1000*$P$28*B24*1000,B24*1000*$P$30)-ATAN(B24/fea) -> -1.1490113 | U24: =10*LOG(N24*S24)+Q24+$P$21 -> 54.39135 | V24: =DEGREES(T24+O24)+R24+180 -> 35.15858 | W24: =-U24 -> -54.39135 | Y24: =10*LOG(N24)+20*LOG($C$29) -> 30.230932 | Z24: =DEGREES(O24) -> -79.007925 | AA24: =10*LOG(S24)+Q24+$P$37 -> 24.160418 | AB24: =DEGREES(T24+R24)+180 -> 114.1665
A25: 296.142 | B25: =A25/1000 -> 0.296142 | C25: Imode? | D25: =B25*$C$9*1000 -> 0.00087453607 | E25: =B25*1000*$C$18/(1+D25^2) -> 0.034981416 | F25: =D25*E25+$C$24 -> 0.0025305925 | G25: =E25 -> 0.034981416 | H25: =($C$40+($C$34*B25*1000)^2) -> 144.06757 | I25: =ATAN2($C$41,-(B25*1000)) -> -0.021658244 | J25: =$C$48+$C$38*(B25*1000)/TAN($C$50*(B25*1000)) -> 9.7540926 | K25: =$C$51*B25*1000 -> -0.071623633 | L25: =F25*J25-G25*K25+$C$44 -> 0.070369954 | M25: =J25*G25+K25*F25+($C$55+$C$65)*B25*1000 -> 0.34067656 | N25: =H25/(L25^2+M25^2) -> 1190.5186 | O25: =I25-ATAN2(L25,M25) -> -1.3887599 | P25: Roth*Cth | Q25: =$P$4+10*LOG((1+($P$6*B25)^2)/(1+($P$8*B25)^2)) -> -23.493182 | R25: =DEGREES(ATAN(B25*$P$6)-ATAN(B25*$P$8)) -> 0 | S25: =((1+($P$24*B25*1000)^2)/((1-$P$28*B25*1000*$P$24*B25*1000)^2+$P$31*(B25*1000)^2))/(1+(B25/fea)^2) -> 0.11262978 | T25: =ATAN(B25*1000*$P$24)-ATAN2(1-$P$24*B25*1000*$P$28*B25*1000,B25*1000*$P$30)-ATAN(B25/fea) -> -1.1610298 | U25: =10*LOG(N25*S25)+Q25+$P$21 -> 53.63764 | V25: =DEGREES(T25+O25)+R25+180 -> 33.907813 | W25: =-U25 -> -53.63764 | Y25: =10*LOG(N25)+20*LOG($C$29) -> 29.837308 | Z25: =DEGREES(O25) -> -79.570081 | AA25: =10*LOG(S25)+Q25+$P$37 -> 23.800332 | AB25: =DEGREES(T25+R25)+180 -> 113.47789
A26: 310.45596 | B26: =A26/1000 -> 0.31045596 | D26: =B26*$C$9*1000 -> 0.00091680659 | E26: =B26*1000*$C$18/(1+D26^2) -> 0.036672233 | F26: =D26*E26+$C$24 -> 0.0025336213 | G26: =E26 -> 0.036672233 | H26: =($C$40+($C$34*B26*1000)^2) -> 144.07426 | I26: =ATAN2($C$41,-(B26*1000)) -> -0.022704739 | J26: =$C$48+$C$38*(B26*1000)/TAN($C$50*(B26*1000)) -> 9.754065 | K26: =$C$51*B26*1000 -> -0.075085546 | L26: =F26*J26-G26*K26+$C$44 -> 0.070647486 | M26: =J26*G26+K26*F26+($C$55+$C$65)*B26*1000 -> 0.35714183 | N26: =H26/(L26^2+M26^2) -> 1087.0137 | O26: =I26-ATAN2(L26,M26) -> -1.3982088 | P26: =PS!B81*2*Main!G65*PI()*10^-9 -> 0.0088592913 | Q26: =$P$4+10*LOG((1+($P$6*B26)^2)/(1+($P$8*B26)^2)) -> -23.493182 | R26: =DEGREES(ATAN(B26*$P$6)-ATAN(B26*$P$8)) -> 0 | S26: =((1+($P$24*B26*1000)^2)/((1-$P$28*B26*1000*$P$24*B26*1000)^2+$P$31*(B26*1000)^2))/(1+(B26/fea)^2) -> 0.10358075 | T26: =ATAN(B26*1000*$P$24)-ATAN2(1-$P$24*B26*1000*$P$28*B26*1000,B26*1000*$P$30)-ATAN(B26/fea) -> -1.1723528 | U26: =10*LOG(N26*S26)+Q26+$P$21 -> 52.878886 | V26: =DEGREES(T26+O26)+R26+180 -> 32.717673 | W26: =-U26 -> -52.878886 | Y26: =10*LOG(N26)+20*LOG($C$29) -> 29.442296 | Z26: =DEGREES(O26) -> -80.111461 | AA26: =10*LOG(S26)+Q26+$P$37 -> 23.43659 | AB26: =DEGREES(T26+R26)+180 -> 112.82913
A27: 325.46178 | B27: =A27/1000 -> 0.32546178 | C27: =INDEX(IC!R3:R4,PS!B2) -> 0.18518519 | D27: =B27*$C$9*1000 -> 0.00096112025 | E27: =B27*1000*$C$18/(1+D27^2) -> 0.038444774 | F27: =D27*E27+$C$24 -> 0.0025369501 | G27: =E27 -> 0.038444774 | H27: =($C$40+($C$34*B27*1000)^2) -> 144.08161 | I27: =ATAN2($C$41,-(B27*1000)) -> -0.023801763 | J27: =$C$48+$C$38*(B27*1000)/TAN($C$50*(B27*1000)) -> 9.7540347 | K27: =$C$51*B27*1000 -> -0.078714791 | L27: =F27*J27-G27*K27+$C$44 -> 0.070952495 | M27: =J27*G27+K27*F27+($C$55+$C$65)*B27*1000 -> 0.37440274 | N27: =H27/(L27^2+M27^2) -> 992.21784 | O27: =I27-ATAN2(L27,M27) -> -1.4073106 | P27: Roth*Cthp | Q27: =$P$4+10*LOG((1+($P$6*B27)^2)/(1+($P$8*B27)^2)) -> -23.493182 | R27: =DEGREES(ATAN(B27*$P$6)-ATAN(B27*$P$8)) -> 0 | S27: =((1+($P$24*B27*1000)^2)/((1-$P$28*B27*1000*$P$24*B27*1000)^2+$P$31*(B27*1000)^2))/(1+(B27/fea)^2) -> 0.095185058 | T27: =ATAN(B27*1000*$P$24)-ATAN2(1-$P$24*B27*1000*$P$28*B27*1000,B27*1000*$P$30)-ATAN(B27/fea) -> -1.1829808 | U27: =10*LOG(N27*S27)+Q27+$P$21 -> 52.115504 | V27: =DEGREES(T27+O27)+R27+180 -> 31.587234 | W27: =-U27 -> -52.115504 | Y27: =10*LOG(N27)+20*LOG($C$29) -> 29.046017 | Z27: =DEGREES(O27) -> -80.632957 | AA27: =10*LOG(S27)+Q27+$P$37 -> 23.069487 | AB27: =DEGREES(T27+R27)+180 -> 112.22019
A28: 341.19291 | B28: =A28/1000 -> 0.34119291 | C28: Fm*Ath | D28: =B28*$C$9*1000 -> 0.0010075758 | E28: =B28*1000*$C$18/(1+D28^2) -> 0.040302991 | F28: =D28*E28+$C$24 -> 0.0025406083 | G28: =E28 -> 0.040302991 | H28: =($C$40+($C$34*B28*1000)^2) -> 144.08969 | I28: =ATAN2($C$41,-(B28*1000)) -> -0.02495175 | J28: =$C$48+$C$38*(B28*1000)/TAN($C$50*(B28*1000)) -> 9.7540013 | K28: =$C$51*B28*1000 -> -0.082519454 | L28: =F28*J28-G28*K28+$C$44 -> 0.071287702 | M28: =J28*G28+K28*F28+($C$55+$C$65)*B28*1000 -> 0.39249774 | N28: =H28/(L28^2+M28^2) -> 905.44765 | O28: =I28-ATAN2(L28,M28) -> -1.4160808 | P28: =PS!B81*2*Main!G69*PI()*10^-9 -> 0.00041469023 | Q28: =$P$4+10*LOG((1+($P$6*B28)^2)/(1+($P$8*B28)^2)) -> -23.493182 | R28: =DEGREES(ATAN(B28*$P$6)-ATAN(B28*$P$8)) -> 0 | S28: =((1+($P$24*B28*1000)^2)/((1-$P$28*B28*1000*$P$24*B28*1000)^2+$P$31*(B28*1000)^2))/(1+(B28/fea)^2) -> 0.087407875 | T28: =ATAN(B28*1000*$P$24)-ATAN2(1-$P$24*B28*1000*$P$28*B28*1000,B28*1000*$P$30)-ATAN(B28/fea) -> -1.1929156 | U28: =10*LOG(N28*S28)+Q28+$P$21 -> 51.347885 | V28: =DEGREES(T28+O28)+R28+180 -> 30.515513 | W28: =-U28 -> -51.347885 | Y28: =10*LOG(N28)+20*LOG($C$29) -> 28.64858 | Z28: =DEGREES(O28) -> -81.135456 | AA28: =10*LOG(S28)+Q28+$P$37 -> 22.699305 | AB28: =DEGREES(T28+R28)+180 -> 111.65097
A29: 357.6844 | B29: =A29/1000 -> 0.3576844 | C29: =PS!B71*C27 -> 0.89949203 | D29: =B29*$C$9*1000 -> 0.0010562768 | E29: =B29*1000*$C$18/(1+D29^2) -> 0.042251023 | F29: =D29*E29+$C$24 -> 0.0025446288 | G29: =E29 -> 0.042251023 | H29: =($C$40+($C$34*B29*1000)^2) -> 144.09857 | I29: =ATAN2($C$41,-(B29*1000)) -> -0.02615725 | J29: =$C$48+$C$38*(B29*1000)/TAN($C$50*(B29*1000)) -> 9.7539647 | K29: =$C$51*B29*1000 -> -0.086508015 | L29: =F29*J29-G29*K29+$C$44 -> 0.071656095 | M29: =J29*G29+K29*F29+($C$55+$C$65)*B29*1000 -> 0.4114671 | N29: =H29/(L29^2+M29^2) -> 826.06489 | O29: =I29-ATAN2(L29,M29) -> -1.4245349 | P29: Sum^2 | Q29: =$P$4+10*LOG((1+($P$6*B29)^2)/(1+($P$8*B29)^2)) -> -23.493182 | R29: =DEGREES(ATAN(B29*$P$6)-ATAN(B29*$P$8)) -> 0 | S29: =((1+($P$24*B29*1000)^2)/((1-$P$28*B29*1000*$P$24*B29*1000)^2+$P$31*(B29*1000)^2))/(1+(B29/fea)^2) -> 0.080214227 | T29: =ATAN(B29*1000*$P$24)-ATAN2(1-$P$24*B29*1000*$P$28*B29*1000,B29*1000*$P$30)-ATAN(B29/fea) -> -1.2021598 | U29: =10*LOG(N29*S29)+Q29+$P$21 -> 50.576401 | V29: =DEGREES(T29+O29)+R29+180 -> 29.501481 | W29: =-U29 -> -50.576401 | Y29: =10*LOG(N29)+20*LOG($C$29) -> 28.250088 | Z29: =DEGREES(O29) -> -81.619837 | AA29: =10*LOG(S29)+Q29+$P$37 -> 22.326313 | AB29: =DEGREES(T29+R29)+180 -> 111.12132
A30: 374.973 | B30: =A30/1000 -> 0.374973 | C30: Fmm | D30: =B30*$C$9*1000 -> 0.0011073317 | E30: =B30*1000*$C$18/(1+D30^2) -> 0.044293213 | F30: =D30*E30+$C$24 -> 0.0025490473 | G30: =E30 -> 0.044293213 | H30: =($C$40+($C$34*B30*1000)^2) -> 144.10833 | I30: =ATAN2($C$41,-(B30*1000)) -> -0.027420937 | J30: =$C$48+$C$38*(B30*1000)/TAN($C$50*(B30*1000)) -> 9.7539244 | K30: =$C$51*B30*1000 -> -0.090689362 | L30: =F30*J30-G30*K30+$C$44 -> 0.072060962 | M30: =J30*G30+K30*F30+($C$55+$C$65)*B30*1000 -> 0.43135305 | N30: =H30/(L30^2+M30^2) -> 753.47517 | O30: =I30-ATAN2(L30,M30) -> -1.4326879 | P30: =P24+P26+P28 -> 0.0095161355 | Q30: =$P$4+10*LOG((1+($P$6*B30)^2)/(1+($P$8*B30)^2)) -> -23.493182 | R30: =DEGREES(ATAN(B30*$P$6)-ATAN(B30*$P$8)) -> 0 | S30: =((1+($P$24*B30*1000)^2)/((1-$P$28*B30*1000*$P$24*B30*1000)^2+$P$31*(B30*1000)^2))/(1+(B30/fea)^2) -> 0.073569373 | T30: =ATAN(B30*1000*$P$24)-ATAN2(1-$P$24*B30*1000*$P$28*B30*1000,B30*1000*$P$30)-ATAN(B30/fea) -> -1.2107167 | U30: =10*LOG(N30*S30)+Q30+$P$21 -> 49.801406 | V30: =DEGREES(T30+O30)+R30+180 -> 28.544074 | W30: =-U30 -> -49.801406 | Y30: =10*LOG(N30)+20*LOG($C$29) -> 27.850636 | Z30: =DEGREES(O30) -> -82.086969 | AA30: =10*LOG(S30)+Q30+$P$37 -> 21.95077 | AB30: =DEGREES(T30+R30)+180 -> 110.63104
A31: 393.09724 | B31: =A31/1000 -> 0.39309724 | C31: =PS!B71 -> 4.8572569 | D31: =B31*$C$9*1000 -> 0.0011608543 | E31: =B31*1000*$C$18/(1+D31^2) -> 0.046434111 | F31: =D31*E31+$C$24 -> 0.0025539032 | G31: =E31 -> 0.046434111 | H31: =($C$40+($C$34*B31*1000)^2) -> 144.11905 | I31: =ATAN2($C$41,-(B31*1000)) -> -0.028745609 | J31: =$C$48+$C$38*(B31*1000)/TAN($C$50*(B31*1000)) -> 9.7538802 | K31: =$C$51*B31*1000 -> -0.095072813 | L31: =F31*J31-G31*K31+$C$44 -> 0.072505912 | M31: =J31*G31+K31*F31+($C$55+$C$65)*B31*1000 -> 0.45219983 | N31: =H31/(L31^2+M31^2) -> 687.12606 | O31: =I31-ATAN2(L31,M31) -> -1.4405548 | P31: =P30^2 -> 9.0556834e-05 | Q31: =$P$4+10*LOG((1+($P$6*B31)^2)/(1+($P$8*B31)^2)) -> -23.493182 | R31: =DEGREES(ATAN(B31*$P$6)-ATAN(B31*$P$8)) -> 0 | S31: =((1+($P$24*B31*1000)^2)/((1-$P$28*B31*1000*$P$24*B31*1000)^2+$P$31*(B31*1000)^2))/(1+(B31/fea)^2) -> 0.067439155 | T31: =ATAN(B31*1000*$P$24)-ATAN2(1-$P$24*B31*1000*$P$28*B31*1000,B31*1000*$P$30)-ATAN(B31/fea) -> -1.2185902 | U31: =10*LOG(N31*S31)+Q31+$P$21 -> 49.023231 | V31: =DEGREES(T31+O31)+R31+180 -> 27.642216 | W31: =-U31 -> -49.023231 | Y31: =10*LOG(N31)+20*LOG($C$29) -> 27.450311 | Z31: =DEGREES(O31) -> -82.537708 | AA31: =10*LOG(S31)+Q31+$P$37 -> 21.572921 | AB31: =DEGREES(T31+R31)+180 -> 110.17992
A32: 412.09752 | B32: =A32/1000 -> 0.41209752 | C32: ILPK*L*2*PI() | D32: =B32*$C$9*1000 -> 0.001216964 | E32: =B32*1000*$C$18/(1+D32^2) -> 0.048678487 | F32: =D32*E32+$C$24 -> 0.00255924 | G32: =E32 -> 0.048678487 | H32: =($C$40+($C$34*B32*1000)^2) -> 144.13084 | I32: =ATAN2($C$41,-(B32*1000)) -> -0.0301342 | J32: =$C$48+$C$38*(B32*1000)/TAN($C$50*(B32*1000)) -> 9.7538315 | K32: =$C$51*B32*1000 -> -0.099668138 | L32: =F32*J32-G32*K32+$C$44 -> 0.072994914 | M32: =J32*G32+K32*F32+($C$55+$C$65)*B32*1000 -> 0.47405386 | N32: =H32/(L32^2+M32^2) -> 626.50515 | O32: =I32-ATAN2(L32,M32) -> -1.4481502 | P32: =P33 -> 18.85819 | Q32: =$P$4+10*LOG((1+($P$6*B32)^2)/(1+($P$8*B32)^2)) -> -23.493182 | R32: =DEGREES(ATAN(B32*$P$6)-ATAN(B32*$P$8)) -> 0 | S32: =((1+($P$24*B32*1000)^2)/((1-$P$28*B32*1000*$P$24*B32*1000)^2+$P$31*(B32*1000)^2))/(1+(B32/fea)^2) -> 0.061790267 | T32: =ATAN(B32*1000*$P$24)-ATAN2(1-$P$24*B32*1000*$P$28*B32*1000,B32*1000*$P$30)-ATAN(B32/fea) -> -1.2257846 | U32: =10*LOG(N32*S32)+Q32+$P$21 -> 48.242193 | V32: =DEGREES(T32+O32)+R32+180 -> 26.794818 | W32: =-U32 -> -48.242193 | Y32: =10*LOG(N32)+20*LOG($C$29) -> 27.049193 | Z32: =DEGREES(O32) -> -82.972897 | AA32: =10*LOG(S32)+Q32+$P$37 -> 21.193 | AB32: =DEGREES(T32+R32)+180 -> 109.76772
A33: 432.01617 | B33: =A33/1000 -> 0.43201617 | C33: =C34^2 -> 7.704506e-07 | D33: =B33*$C$9*1000 -> 0.0012757857 | E33: =B33*1000*$C$18/(1+D33^2) -> 0.051031345 | F33: =D33*E33+$C$24 -> 0.0025651051 | G33: =E33 -> 0.051031345 | H33: =($C$40+($C$34*B33*1000)^2) -> 144.1438 | I33: =ATAN2($C$41,-(B33*1000)) -> -0.031589784 | J33: =$C$48+$C$38*(B33*1000)/TAN($C$50*(B33*1000)) -> 9.7537781 | K33: =$C$51*B33*1000 -> -0.10448558 | L33: =F33*J33-G33*K33+$C$44 -> 0.073532329 | M33: =J33*G33+K33*F33+($C$55+$C$65)*B33*1000 -> 0.49696374 | N33: =H33/(L33^2+M33^2) -> 571.13804 | O33: =I33-ATAN2(L33,M33) -> -1.4554888 | P33: =LOOKUP(0,W2:W144,B2:B144) -> 18.85819 | Q33: =$P$4+10*LOG((1+($P$6*B33)^2)/(1+($P$8*B33)^2)) -> -23.493182 | R33: =DEGREES(ATAN(B33*$P$6)-ATAN(B33*$P$8)) -> 0 | S33: =((1+($P$24*B33*1000)^2)/((1-$P$28*B33*1000*$P$24*B33*1000)^2+$P$31*(B33*1000)^2))/(1+(B33/fea)^2) -> 0.056590475 | T33: =ATAN(B33*1000*$P$24)-ATAN2(1-$P$24*B33*1000*$P$28*B33*1000,B33*1000*$P$30)-ATAN(B33/fea) -> -1.2323043 | U33: =10*LOG(N33*S33)+Q33+$P$21 -> 47.45859 | V33: =DEGREES(T33+O33)+R33+180 -> 26.000799 | W33: =-U33 -> -47.45859 | Y33: =10*LOG(N33)+20*LOG($C$29) -> 26.647357 | Z33: =DEGREES(O33) -> -83.393364 | AA33: =10*LOG(S33)+Q33+$P$37 -> 20.811233 | AB33: =DEGREES(T33+R33)+180 -> 109.39416
A34: 452.89758 | B34: =A34/1000 -> 0.45289758 | C34: =C42*PI()*Main!C20*2*10^-6 -> 0.00087775315 | D34: =B34*$C$9*1000 -> 0.0013374505 | E34: =B34*1000*$C$18/(1+D34^2) -> 0.053497925 | F34: =D34*E34+$C$24 -> 0.0025715508 | G34: =E34 -> 0.053497925 | H34: =($C$40+($C$34*B34*1000)^2) -> 144.15803 | I34: =ATAN2($C$41,-(B34*1000)) -> -0.033115579 | J34: =$C$48+$C$38*(B34*1000)/TAN($C$50*(B34*1000)) -> 9.7537193 | K34: =$C$51*B34*1000 -> -0.10953587 | L34: =F34*J34-G34*K34+$C$44 -> 0.074122951 | M34: =J34*G34+K34*F34+($C$55+$C$65)*B34*1000 -> 0.52098044 | N34: =H34/(L34^2+M34^2) -> 520.58616 | O34: =I34-ATAN2(L34,M34) -> -1.4625845 | P34: =LOOKUP(0,W2:W144,V2:V144) -> 43.862126 | Q34: =$P$4+10*LOG((1+($P$6*B34)^2)/(1+($P$8*B34)^2)) -> -23.493182 | R34: =DEGREES(ATAN(B34*$P$6)-ATAN(B34*$P$8)) -> 0 | S34: =((1+($P$24*B34*1000)^2)/((1-$P$28*B34*1000*$P$24*B34*1000)^2+$P$31*(B34*1000)^2))/(1+(B34/fea)^2) -> 0.051808777 | T34: =ATAN(B34*1000*$P$24)-ATAN2(1-$P$24*B34*1000*$P$28*B34*1000,B34*1000*$P$30)-ATAN(B34/fea) -> -1.2381539 | U34: =10*LOG(N34*S34)+Q34+$P$21 -> 46.672705 | V34: =DEGREES(T34+O34)+R34+180 -> 25.259087 | W34: =-U34 -> -46.672705 | Y34: =10*LOG(N34)+20*LOG($C$29) -> 26.244873 | Z34: =DEGREES(O34) -> -83.799921 | AA34: =10*LOG(S34)+Q34+$P$37 -> 20.427833 | AB34: =DEGREES(T34+R34)+180 -> 109.05901
A35: 474.78829 | B35: =A35/1000 -> 0.47478829 | C35: 1-D | D35: =B35*$C$9*1000 -> 0.0014020959 | E35: =B35*1000*$C$18/(1+D35^2) -> 0.056083727 | F35: =D35*E35+$C$24 -> 0.0025786348 | G35: =E35 -> 0.056083727 | H35: =($C$40+($C$34*B35*1000)^2) -> 144.17368 | I35: =ATAN2($C$41,-(B35*1000)) -> -0.034714958 | J35: =$C$48+$C$38*(B35*1000)/TAN($C$50*(B35*1000)) -> 9.7536547 | K35: =$C$51*B35*1000 -> -0.11483026 | L35: =F35*J35-G35*K35+$C$44 -> 0.074772046 | M35: =J35*G35+K35*F35+($C$55+$C$65)*B35*1000 -> 0.54615739 | N35: =H35/(L35^2+M35^2) -> 474.44474 | O35: =I35-ATAN2(L35,M35) -> -1.4694515 | Q35: =$P$4+10*LOG((1+($P$6*B35)^2)/(1+($P$8*B35)^2)) -> -23.493182 | R35: =DEGREES(ATAN(B35*$P$6)-ATAN(B35*$P$8)) -> 0 | S35: =((1+($P$24*B35*1000)^2)/((1-$P$28*B35*1000*$P$24*B35*1000)^2+$P$31*(B35*1000)^2))/(1+(B35/fea)^2) -> 0.047415533 | T35: =ATAN(B35*1000*$P$24)-ATAN2(1-$P$24*B35*1000*$P$28*B35*1000,B35*1000*$P$30)-ATAN(B35/fea) -> -1.2433377 | U35: =10*LOG(N35*S35)+Q35+$P$21 -> 45.884808 | V35: =DEGREES(T35+O35)+R35+180 -> 24.568631 | W35: =-U35 -> -45.884808 | Y35: =10*LOG(N35)+20*LOG($C$29) -> 25.841803 | Z35: =DEGREES(O35) -> -84.193367 | AA35: =10*LOG(S35)+Q35+$P$37 -> 20.043006 | AB35: =DEGREES(T35+R35)+180 -> 108.762
A36: 497.73708 | B36: =A36/1000 -> 0.49773708 | C36: =1-PS!B67 -> 0.059886216 | D36: =B36*$C$9*1000 -> 0.0014698659 | E36: =B36*1000*$C$18/(1+D36^2) -> 0.058794511 | F36: =D36*E36+$C$24 -> 0.00258642 | G36: =E36 -> 0.058794511 | H36: =($C$40+($C$34*B36*1000)^2) -> 144.19087 | I36: =ATAN2($C$41,-(B36*1000)) -> -0.036391451 | J36: =$C$48+$C$38*(B36*1000)/TAN($C$50*(B36*1000)) -> 9.7535838 | K36: =$C$51*B36*1000 -> -0.12038056 | L36: =F36*J36-G36*K36+$C$44 -> 0.075485405 | M36: =J36*G36+K36*F36+($C$55+$C$65)*B36*1000 -> 0.57255058 | N36: =H36/(L36^2+M36^2) -> 432.34061 | O36: =I36-ATAN2(L36,M36) -> -1.4761032 | P36: gm*Roth | Q36: =$P$4+10*LOG((1+($P$6*B36)^2)/(1+($P$8*B36)^2)) -> -23.493182 | R36: =DEGREES(ATAN(B36*$P$6)-ATAN(B36*$P$8)) -> 0 | S36: =((1+($P$24*B36*1000)^2)/((1-$P$28*B36*1000*$P$24*B36*1000)^2+$P$31*(B36*1000)^2))/(1+(B36/fea)^2) -> 0.043382538 | T36: =ATAN(B36*1000*$P$24)-ATAN2(1-$P$24*B36*1000*$P$28*B36*1000,B36*1000*$P$30)-ATAN(B36/fea) -> -1.2478599 | U36: =10*LOG(N36*S36)+Q36+$P$21 -> 45.095156 | V36: =DEGREES(T36+O36)+R36+180 -> 23.928408 | W36: =-U36 -> -45.095156 | Y36: =10*LOG(N36)+20*LOG($C$29) -> 25.438207 | Z36: =DEGREES(O36) -> -84.574484 | AA36: =10*LOG(S36)+Q36+$P$37 -> 19.656949 | AB36: =DEGREES(T36+R36)+180 -> 108.50289
A37: 521.7951 | B37: =A37/1000 -> 0.5217951 | C37: Fmm*Ri*VoF*PI()/fs | D37: =B37*$C$9*1000 -> 0.0015409116 | E37: =B37*1000*$C$18/(1+D37^2) -> 0.061636318 | F37: =D37*E37+$C$24 -> 0.0025949761 | G37: =E37 -> 0.061636318 | H37: =($C$40+($C$34*B37*1000)^2) -> 144.20977 | I37: =ATAN2($C$41,-(B37*1000)) -> -0.038148758 | J37: =$C$48+$C$38*(B37*1000)/TAN($C$50*(B37*1000)) -> 9.7535058 | K37: =$C$51*B37*1000 -> -0.12619913 | L37: =F37*J37-G37*K37+$C$44 -> 0.076269388 | M37: =J37*G37+K37*F37+($C$55+$C$65)*B37*1000 -> 0.60021868 | N37: =H37/(L37^2+M37^2) -> 393.93022 | O37: =I37-ATAN2(L37,M37) -> -1.4825531 | P37: =20*LOG(PS!B76*PS!B81*1000) -> 56.776982 | Q37: =$P$4+10*LOG((1+($P$6*B37)^2)/(1+($P$8*B37)^2)) -> -23.493182 | R37: =DEGREES(ATAN(B37*$P$6)-ATAN(B37*$P$8)) -> 0 | S37: =((1+($P$24*B37*1000)^2)/((1-$P$28*B37*1000*$P$24*B37*1000)^2+$P$31*(B37*1000)^2))/(1+(B37/fea)^2) -> 0.039683074 | T37: =ATAN(B37*1000*$P$24)-ATAN2(1-$P$24*B37*1000*$P$28*B37*1000,B37*1000*$P$30)-ATAN(B37/fea) -> -1.2517246 | U37: =10*LOG(N37*S37)+Q37+$P$21 -> 44.303992 | V37: =DEGREES(T37+O37)+R37+180 -> 23.337425 | W37: =-U37 -> -44.303992 | Y37: =10*LOG(N37)+20*LOG($C$29) -> 25.034139 | Z37: =DEGREES(O37) -> -84.944036 | AA37: =10*LOG(S37)+Q37+$P$37 -> 19.269852 | AB37: =DEGREES(T37+R37)+180 -> 108.28146
A38: 547.01596 | B38: =A38/1000 -> 0.54701596 | C38: =C31*PS!B66*PS!B6*10^-3*C50 -> 0.00030468756 | D38: =B38*$C$9*1000 -> 0.0016153913 | E38: =B38*1000*$C$18/(1+D38^2) -> 0.064615481 | F38: =D38*E38+$C$24 -> 0.0026043793 | G38: =E38 -> 0.064615481 | H38: =($C$40+($C$34*B38*1000)^2) -> 144.23054 | I38: =ATAN2($C$41,-(B38*1000)) -> -0.03999075 | J38: =$C$48+$C$38*(B38*1000)/TAN($C$50*(B38*1000)) -> 9.7534201 | K38: =$C$51*B38*1000 -> -0.13229893 | L38: =F38*J38-G38*K38+$C$44 -> 0.077130989 | M38: =J38*G38+K38*F38+($C$55+$C$65)*B38*1000 -> 0.62922319 | N38: =H38/(L38^2+M38^2) -> 358.89759 | O38: =I38-ATAN2(L38,M38) -> -1.4888143 | Q38: =$P$4+10*LOG((1+($P$6*B38)^2)/(1+($P$8*B38)^2)) -> -23.493182 | R38: =DEGREES(ATAN(B38*$P$6)-ATAN(B38*$P$8)) -> 0 | S38: =((1+($P$24*B38*1000)^2)/((1-$P$28*B38*1000*$P$24*B38*1000)^2+$P$31*(B38*1000)^2))/(1+(B38/fea)^2) -> 0.036291931 | T38: =ATAN(B38*1000*$P$24)-ATAN2(1-$P$24*B38*1000*$P$28*B38*1000,B38*1000*$P$30)-ATAN(B38/fea) -> -1.2549353 | U38: =10*LOG(N38*S38)+Q38+$P$21 -> 43.511552 | V38: =DEGREES(T38+O38)+R38+180 -> 22.794726 | W38: =-U38 -> -43.511552 | Y38: =10*LOG(N38)+20*LOG($C$29) -> 24.629652 | Z38: =DEGREES(O38) -> -85.302775 | AA38: =10*LOG(S38)+Q38+$P$37 -> 18.8819 | AB38: =DEGREES(T38+R38)+180 -> 108.0975
A39: 573.45587 | B39: =A39/1000 -> 0.57345587 | C39: Vg^2 | D39: =B39*$C$9*1000 -> 0.0016934709 | E39: =B39*1000*$C$18/(1+D39^2) -> 0.06773864 | F39: =D39*E39+$C$24 -> 0.0026147134 | G39: =E39 -> 0.06773864 | H39: =($C$40+($C$34*B39*1000)^2) -> 144.25336 | I39: =ATAN2($C$41,-(B39*1000)) -> -0.041921483 | J39: =$C$48+$C$38*(B39*1000)/TAN($C$50*(B39*1000)) -> 9.7533259 | K39: =$C$51*B39*1000 -> -0.13869358 | L39: =F39*J39-G39*K39+$C$44 -> 0.07807789 | M39: =J39*G39+K39*F39+($C$55+$C$65)*B39*1000 -> 0.65962858 | N39: =H39/(L39^2+M39^2) -> 326.95239 | O39: =I39-ATAN2(L39,M39) -> -1.4948996 | Q39: =$P$4+10*LOG((1+($P$6*B39)^2)/(1+($P$8*B39)^2)) -> -23.493182 | R39: =DEGREES(ATAN(B39*$P$6)-ATAN(B39*$P$8)) -> 0 | S39: =((1+($P$24*B39*1000)^2)/((1-$P$28*B39*1000*$P$24*B39*1000)^2+$P$31*(B39*1000)^2))/(1+(B39/fea)^2) -> 0.033185407 | T39: =ATAN(B39*1000*$P$24)-ATAN2(1-$P$24*B39*1000*$P$28*B39*1000,B39*1000*$P$30)-ATAN(B39/fea) -> -1.2574952 | U39: =10*LOG(N39*S39)+Q39+$P$21 -> 42.718062 | V39: =DEGREES(T39+O39)+R39+180 -> 22.299397 | W39: =-U39 -> -42.718062 | Y39: =10*LOG(N39)+20*LOG($C$29) -> 24.224792 | Z39: =DEGREES(O39) -> -85.651436 | AA39: =10*LOG(S39)+Q39+$P$37 -> 18.493271 | AB39: =DEGREES(T39+R39)+180 -> 107.95083
A40: 601.17374 | B40: =A40/1000 -> 0.60117374 | C40: =Main!C75^2 -> 144 | D40: =B40*$C$9*1000 -> 0.0017753244 | E40: =B40*1000*$C$18/(1+D40^2) -> 0.071012753 | F40: =D40*E40+$C$24 -> 0.0026260707 | G40: =E40 -> 0.071012753 | H40: =($C$40+($C$34*B40*1000)^2) -> 144.27845 | I40: =ATAN2($C$41,-(B40*1000)) -> -0.043945201 | J40: =$C$48+$C$38*(B40*1000)/TAN($C$50*(B40*1000)) -> 9.7532224 | K40: =$C$51*B40*1000 -> -0.1453973 | L40: =F40*J40-G40*K40+$C$44 -> 0.079118538 | M40: =J40*G40+K40*F40+($C$55+$C$65)*B40*1000 -> 0.69150239 | N40: =H40/(L40^2+M40^2) -> 297.8281 | O40: =I40-ATAN2(L40,M40) -> -1.5008215 | Q40: =$P$4+10*LOG((1+($P$6*B40)^2)/(1+($P$8*B40)^2)) -> -23.493182 | R40: =DEGREES(ATAN(B40*$P$6)-ATAN(B40*$P$8)) -> 0 | S40: =((1+($P$24*B40*1000)^2)/((1-$P$28*B40*1000*$P$24*B40*1000)^2+$P$31*(B40*1000)^2))/(1+(B40/fea)^2) -> 0.030341285 | T40: =ATAN(B40*1000*$P$24)-ATAN2(1-$P$24*B40*1000*$P$28*B40*1000,B40*1000*$P$30)-ATAN(B40/fea) -> -1.2594069 | U40: =10*LOG(N40*S40)+Q40+$P$21 -> 41.923742 | V40: =DEGREES(T40+O40)+R40+180 -> 21.850564 | W40: =-U40 -> -41.923742 | Y40: =10*LOG(N40)+20*LOG($C$29) -> 23.819603 | Z40: =DEGREES(O40) -> -85.990737 | AA40: =10*LOG(S40)+Q40+$P$37 -> 18.104139 | AB40: =DEGREES(T40+R40)+180 -> 107.8413
A41: 630.23135 | B41: =A41/1000 -> 0.63023135 | C41: =Main!C75/C34 -> 13671.27 | D41: =B41*$C$9*1000 -> 0.0018611344 | E41: =B41*1000*$C$18/(1+D41^2) -> 0.074445116 | F41: =D41*E41+$C$24 -> 0.0026385524 | G41: =E41 -> 0.074445116 | H41: =($C$40+($C$34*B41*1000)^2) -> 144.30602 | I41: =ATAN2($C$41,-(B41*1000)) -> -0.046066349 | J41: =$C$48+$C$38*(B41*1000)/TAN($C$50*(B41*1000)) -> 9.7531086 | K41: =$C$51*B41*1000 -> -0.15242505 | L41: =F41*J41-G41*K41+$C$44 -> 0.080262212 | M41: =J41*G41+K41*F41+($C$55+$C$65)*B41*1000 -> 0.72491542 | N41: =H41/(L41^2+M41^2) -> 271.28027 | O41: =I41-ATAN2(L41,M41) -> -1.5065924 | Q41: =$P$4+10*LOG((1+($P$6*B41)^2)/(1+($P$8*B41)^2)) -> -23.493182 | R41: =DEGREES(ATAN(B41*$P$6)-ATAN(B41*$P$8)) -> 0 | S41: =((1+($P$24*B41*1000)^2)/((1-$P$28*B41*1000*$P$24*B41*1000)^2+$P$31*(B41*1000)^2))/(1+(B41/fea)^2) -> 0.027738801 | T41: =ATAN(B41*1000*$P$24)-ATAN2(1-$P$24*B41*1000*$P$28*B41*1000,B41*1000*$P$30)-ATAN(B41/fea) -> -1.2606725 | U41: =10*LOG(N41*S41)+Q41+$P$21 -> 41.128805 | V41: =DEGREES(T41+O41)+R41+180 -> 21.447401 | W41: =-U41 -> -41.128805 | Y41: =10*LOG(N41)+20*LOG($C$29) -> 23.414128 | Z41: =DEGREES(O41) -> -86.321385 | AA41: =10*LOG(S41)+Q41+$P$37 -> 17.714676 | AB41: =DEGREES(T41+R41)+180 -> 107.76879
A42: 660.69345 | B42: =A42/1000 -> 0.66069345 | C42: =(Main!G75/C36+(1-C36)*C36*PS!B6/2/Main!C20/fs*1000) -> 13.969875 | D42: =B42*$C$9*1000 -> 0.0019510919 | E42: =B42*1000*$C$18/(1+D42^2) -> 0.078043379 | F42: =D42*E42+$C$24 -> 0.0026522698 | G42: =E42 -> 0.078043379 | H42: =($C$40+($C$34*B42*1000)^2) -> 144.33631 | I42: =ATAN2($C$41,-(B42*1000)) -> -0.048289576 | J42: =$C$48+$C$38*(B42*1000)/TAN($C$50*(B42*1000)) -> 9.7529836 | K42: =$C$51*B42*1000 -> -0.15979248 | L42: =F42*J42-G42*K42+$C$44 -> 0.081519113 | M42: =J42*G42+K42*F42+($C$55+$C$65)*B42*1000 -> 0.75994185 | N42: =H42/(L42^2+M42^2) -> 247.08481 | O42: =I42-ATAN2(L42,M42) -> -1.5122243 | Q42: =$P$4+10*LOG((1+($P$6*B42)^2)/(1+($P$8*B42)^2)) -> -23.493182 | R42: =DEGREES(ATAN(B42*$P$6)-ATAN(B42*$P$8)) -> 0 | S42: =((1+($P$24*B42*1000)^2)/((1-$P$28*B42*1000*$P$24*B42*1000)^2+$P$31*(B42*1000)^2))/(1+(B42/fea)^2) -> 0.025358598 | T42: =ATAN(B42*1000*$P$24)-ATAN2(1-$P$24*B42*1000*$P$28*B42*1000,B42*1000*$P$30)-ATAN(B42/fea) -> -1.2612937 | U42: =10*LOG(N42*S42)+Q42+$P$21 -> 40.333458 | V42: =DEGREES(T42+O42)+R42+180 -> 21.089125 | W42: =-U42 -> -40.333458 | Y42: =10*LOG(N42)+20*LOG($C$29) -> 23.008407 | Z42: =DEGREES(O42) -> -86.644072 | AA42: =10*LOG(S42)+Q42+$P$37 -> 17.325052 | AB42: =DEGREES(T42+R42)+180 -> 107.7332
A43: 692.62793 | B43: =A43/1000 -> 0.69262793 | C43: Den const | D43: =B43*$C$9*1000 -> 0.0020453975 | E43: =B43*1000*$C$18/(1+D43^2) -> 0.081815559 | F43: =D43*E43+$C$24 -> 0.0026673453 | G43: =E43 -> 0.081815559 | H43: =($C$40+($C$34*B43*1000)^2) -> 144.36961 | I43: =ATAN2($C$41,-(B43*1000)) -> -0.050619749 | J43: =$C$48+$C$38*(B43*1000)/TAN($C$50*(B43*1000)) -> 9.7528462 | K43: =$C$51*B43*1000 -> -0.16751602 | L43: =F43*J43-G43*K43+$C$44 -> 0.08290045 | M43: =J43*G43+K43*F43+($C$55+$C$65)*B43*1000 -> 0.79665941 | N43: =H43/(L43^2+M43^2) -> 225.03648 | O43: =I43-ATAN2(L43,M43) -> -1.5177292 | Q43: =$P$4+10*LOG((1+($P$6*B43)^2)/(1+($P$8*B43)^2)) -> -23.493182 | R43: =DEGREES(ATAN(B43*$P$6)-ATAN(B43*$P$8)) -> 0 | S43: =((1+($P$24*B43*1000)^2)/((1-$P$28*B43*1000*$P$24*B43*1000)^2+$P$31*(B43*1000)^2))/(1+(B43/fea)^2) -> 0.023182669 | T43: =ATAN(B43*1000*$P$24)-ATAN2(1-$P$24*B43*1000*$P$28*B43*1000,B43*1000*$P$30)-ATAN(B43/fea) -> -1.2612713 | U43: =10*LOG(N43*S43)+Q43+$P$21 -> 39.537909 | V43: =DEGREES(T43+O43)+R43+180 -> 20.775001 | W43: =-U43 -> -39.537909 | Y43: =10*LOG(N43)+20*LOG($C$29) -> 22.602476 | Z43: =DEGREES(O43) -> -86.959476 | AA43: =10*LOG(S43)+Q43+$P$37 -> 16.935434 | AB43: =DEGREES(T43+R43)+180 -> 107.73448
A44: 726.10596 | B44: =A44/1000 -> 0.72610596 | C44: =C36*(C36+C31*PS!B66*0.001*C42)-C54*Main!C75 -> 0.043180824 | D44: =B44*$C$9*1000 -> 0.0021442614 | E44: =B44*1000*$C$18/(1+D44^2) -> 0.085770061 | F44: =D44*E44+$C$24 -> 0.0026839134 | G44: =E44 -> 0.085770061 | H44: =($C$40+($C$34*B44*1000)^2) -> 144.4062 | I44: =ATAN2($C$41,-(B44*1000)) -> -0.05306196 | J44: =$C$48+$C$38*(B44*1000)/TAN($C$50*(B44*1000)) -> 9.7526951 | K44: =$C$51*B44*1000 -> -0.17561287 | L44: =F44*J44-G44*K44+$C$44 -> 0.08441854 | M44: =J44*G44+K44*F44+($C$55+$C$65)*B44*1000 -> 0.83514957 | N44: =H44/(L44^2+M44^2) -> 204.9474 | O44: =I44-ATAN2(L44,M44) -> -1.5231185 | Q44: =$P$4+10*LOG((1+($P$6*B44)^2)/(1+($P$8*B44)^2)) -> -23.493182 | R44: =DEGREES(ATAN(B44*$P$6)-ATAN(B44*$P$8)) -> 0 | S44: =((1+($P$24*B44*1000)^2)/((1-$P$28*B44*1000*$P$24*B44*1000)^2+$P$31*(B44*1000)^2))/(1+(B44/fea)^2) -> 0.021194303 | T44: =ATAN(B44*1000*$P$24)-ATAN2(1-$P$24*B44*1000*$P$28*B44*1000,B44*1000*$P$30)-ATAN(B44/fea) -> -1.2606059 | U44: =10*LOG(N44*S44)+Q44+$P$21 -> 38.742361 | V44: =DEGREES(T44+O44)+R44+180 -> 20.504337 | W44: =-U44 -> -38.742361 | Y44: =10*LOG(N44)+20*LOG($C$29) -> 22.196371 | Z44: =DEGREES(O44) -> -87.268263 | AA44: =10*LOG(S44)+Q44+$P$37 -> 16.545991 | AB44: =DEGREES(T44+R44)+180 -> 107.7726
A45: 761.20214 | B45: =A45/1000 -> 0.76120214 | C45: 2*PI()*Lf | D45: =B45*$C$9*1000 -> 0.0022479038 | E45: =B45*1000*$C$18/(1+D45^2) -> 0.089915699 | F45: =D45*E45+$C$24 -> 0.0027021218 | G45: =E45 -> 0.089915699 | H45: =($C$40+($C$34*B45*1000)^2) -> 144.44642 | I45: =ATAN2($C$41,-(B45*1000)) -> -0.055621534 | J45: =$C$48+$C$38*(B45*1000)/TAN($C$50*(B45*1000)) -> 9.7525292 | K45: =$C$51*B45*1000 -> -0.18410108 | L45: =F45*J45-G45*K45+$C$44 -> 0.086086924 | M45: =J45*G45+K45*F45+($C$55+$C$65)*B45*1000 -> 0.87549768 | N45: =H45/(L45^2+M45^2) -> 186.64568 | O45: =I45-ATAN2(L45,M45) -> -1.5284038 | Q45: =$P$4+10*LOG((1+($P$6*B45)^2)/(1+($P$8*B45)^2)) -> -23.493182 | R45: =DEGREES(ATAN(B45*$P$6)-ATAN(B45*$P$8)) -> 0 | S45: =((1+($P$24*B45*1000)^2)/((1-$P$28*B45*1000*$P$24*B45*1000)^2+$P$31*(B45*1000)^2))/(1+(B45/fea)^2) -> 0.019378015 | T45: =ATAN(B45*1000*$P$24)-ATAN2(1-$P$24*B45*1000*$P$28*B45*1000,B45*1000*$P$30)-ATAN(B45/fea) -> -1.2592973 | U45: =10*LOG(N45*S45)+Q45+$P$21 -> 37.947018 | V45: =DEGREES(T45+O45)+R45+180 -> 20.27649 | W45: =-U45 -> -37.947018 | Y45: =10*LOG(N45)+20*LOG($C$29) -> 21.790126 | Z45: =DEGREES(O45) -> -87.571088 | AA45: =10*LOG(S45)+Q45+$P$37 -> 16.156892 | AB45: =DEGREES(T45+R45)+180 -> 107.84758
A46: 797.99469 | B46: =A46/1000 -> 0.79799469 | C46: =PI()*Main!C20*2*10^-6 -> 6.2831853e-05 | D46: =B46*$C$9*1000 -> 0.0023565558 | E46: =B46*1000*$C$18/(1+D46^2) -> 0.094261708 | F46: =D46*E46+$C$24 -> 0.002722133 | G46: =E46 -> 0.094261708 | H46: =($C$40+($C$34*B46*1000)^2) -> 144.49062 | I46: =ATAN2($C$41,-(B46*1000)) -> -0.058304041 | J46: =$C$48+$C$38*(B46*1000)/TAN($C$50*(B46*1000)) -> 9.7523468 | K46: =$C$51*B46*1000 -> -0.19299957 | L46: =F46*J46-G46*K46+$C$44 -> 0.087920478 | M46: =J46*G46+K46*F46+($C$55+$C$65)*B46*1000 -> 0.91779316 | N46: =H46/(L46^2+M46^2) -> 169.97411 | O46: =I46-ATAN2(L46,M46) -> -1.5335963 | Q46: =$P$4+10*LOG((1+($P$6*B46)^2)/(1+($P$8*B46)^2)) -> -23.493182 | R46: =DEGREES(ATAN(B46*$P$6)-ATAN(B46*$P$8)) -> 0 | S46: =((1+($P$24*B46*1000)^2)/((1-$P$28*B46*1000*$P$24*B46*1000)^2+$P$31*(B46*1000)^2))/(1+(B46/fea)^2) -> 0.017719483 | T46: =ATAN(B46*1000*$P$24)-ATAN2(1-$P$24*B46*1000*$P$28*B46*1000,B46*1000*$P$30)-ATAN(B46/fea) -> -1.2573448 | U46: =10*LOG(N46*S46)+Q46+$P$21 -> 37.152084 | V46: =DEGREES(T46+O46)+R46+180 -> 20.090853 | W46: =-U46 -> -37.152084 | Y46: =10*LOG(N46)+20*LOG($C$29) -> 21.383774 | Z46: =DEGREES(O46) -> -87.868594 | AA46: =10*LOG(S46)+Q46+$P$37 -> 15.76831 | AB46: =DEGREES(T46+R46)+180 -> 107.95945
A47: 836.5656 | B47: =A47/1000 -> 0.8365656 | C47: RL | D47: =B47*$C$9*1000 -> 0.0024704594 | E47: =B47*1000*$C$18/(1+D47^2) -> 0.098817774 | F47: =D47*E47+$C$24 -> 0.0027441253 | G47: =E47 -> 0.098817774 | H47: =($C$40+($C$34*B47*1000)^2) -> 144.53919 | I47: =ATAN2($C$41,-(B47*1000)) -> -0.061115303 | J47: =$C$48+$C$38*(B47*1000)/TAN($C$50*(B47*1000)) -> 9.7521463 | K47: =$C$51*B47*1000 -> -0.20232817 | L47: =F47*J47-G47*K47+$C$44 -> 0.089935554 | M47: =J47*G47+K47*F47+($C$55+$C$65)*B47*1000 -> 0.96212971 | N47: =H47/(L47^2+M47^2) -> 154.78901 | O47: =I47-ATAN2(L47,M47) -> -1.538707 | Q47: =$P$4+10*LOG((1+($P$6*B47)^2)/(1+($P$8*B47)^2)) -> -23.493182 | R47: =DEGREES(ATAN(B47*$P$6)-ATAN(B47*$P$8)) -> 0 | S47: =((1+($P$24*B47*1000)^2)/((1-$P$28*B47*1000*$P$24*B47*1000)^2+$P$31*(B47*1000)^2))/(1+(B47/fea)^2) -> 0.016205479 | T47: =ATAN(B47*1000*$P$24)-ATAN2(1-$P$24*B47*1000*$P$28*B47*1000,B47*1000*$P$30)-ATAN(B47/fea) -> -1.2547472 | U47: =10*LOG(N47*S47)+Q47+$P$21 -> 36.357766 | V47: =DEGREES(T47+O47)+R47+180 -> 19.946864 | W47: =-U47 -> -36.357766 | Y47: =10*LOG(N47)+20*LOG($C$29) -> 20.977348 | Z47: =DEGREES(O47) -> -88.161415 | AA47: =10*LOG(S47)+Q47+$P$37 -> 15.380418 | AB47: =DEGREES(T47+R47)+180 -> 108.10828
A48: 877.00082 | B48: =A48/1000 -> 0.87700082 | C48: =Main!C19*0.001 -> 0.0214 | D48: =B48*$C$9*1000 -> 0.0025898686 | E48: =B48*1000*$C$18/(1+D48^2) -> 0.10359405 | F48: =D48*E48+$C$24 -> 0.002768295 | G48: =E48 -> 0.10359405 | H48: =($C$40+($C$34*B48*1000)^2) -> 144.59258 | I48: =ATAN2($C$41,-(B48*1000)) -> -0.064061409 | J48: =$C$48+$C$38*(B48*1000)/TAN($C$50*(B48*1000)) -> 9.751926 | K48: =$C$51*B48*1000 -> -0.21210766 | L48: =F48*J48-G48*K48+$C$44 -> 0.092150122 | M48: =J48*G48+K48*F48+($C$55+$C$65)*B48*1000 -> 1.0086055 | N48: =H48/(L48^2+M48^2) -> 140.95912 | O48: =I48-ATAN2(L48,M48) -> -1.5437468 | Q48: =$P$4+10*LOG((1+($P$6*B48)^2)/(1+($P$8*B48)^2)) -> -23.493182 | R48: =DEGREES(ATAN(B48*$P$6)-ATAN(B48*$P$8)) -> 0 | S48: =((1+($P$24*B48*1000)^2)/((1-$P$28*B48*1000*$P$24*B48*1000)^2+$P$31*(B48*1000)^2))/(1+(B48/fea)^2) -> 0.014823805 | T48: =ATAN(B48*1000*$P$24)-ATAN2(1-$P$24*B48*1000*$P$28*B48*1000,B48*1000*$P$30)-ATAN(B48/fea) -> -1.2515028 | U48: =10*LOG(N48*S48)+Q48+$P$21 -> 35.564274 | V48: =DEGREES(T48+O48)+R48+180 -> 19.843994 | W48: =-U48 -> -35.564274 | Y48: =10*LOG(N48)+20*LOG($C$29) -> 20.570878 | Z48: =DEGREES(O48) -> -88.450176 | AA48: =10*LOG(S48)+Q48+$P$37 -> 14.993396 | AB48: =DEGREES(T48+R48)+180 -> 108.29417
A49: 919.39047 | B49: =A49/1000 -> 0.91939047 | C49: PI()/fs | D49: =B49*$C$9*1000 -> 0.0027150493 | E49: =B49*1000*$C$18/(1+D49^2) -> 0.10860117 | F49: =D49*E49+$C$24 -> 0.0027948575 | G49: =E49 -> 0.10860117 | H49: =($C$40+($C$34*B49*1000)^2) -> 144.65125 | I49: =ATAN2($C$41,-(B49*1000)) -> -0.067148718 | J49: =$C$48+$C$38*(B49*1000)/TAN($C$50*(B49*1000)) -> 9.7516838 | K49: =$C$51*B49*1000 -> -0.22235984 | L49: =F49*J49-G49*K49+$C$44 -> 0.09458393 | M49: =J49*G49+K49*F49+($C$55+$C$65)*B49*1000 -> 1.0573233 | N49: =H49/(L49^2+M49^2) -> 128.36452 | O49: =I49-ATAN2(L49,M49) -> -1.5487265 | Q49: =$P$4+10*LOG((1+($P$6*B49)^2)/(1+($P$8*B49)^2)) -> -23.493182 | R49: =DEGREES(ATAN(B49*$P$6)-ATAN(B49*$P$8)) -> 0 | S49: =((1+($P$24*B49*1000)^2)/((1-$P$28*B49*1000*$P$24*B49*1000)^2+$P$31*(B49*1000)^2))/(1+(B49/fea)^2) -> 0.013563224 | T49: =ATAN(B49*1000*$P$24)-ATAN2(1-$P$24*B49*1000*$P$28*B49*1000,B49*1000*$P$30)-ATAN(B49/fea) -> -1.2476095 | U49: =10*LOG(N49*S49)+Q49+$P$21 -> 34.771825 | V49: =DEGREES(T49+O49)+R49+180 -> 19.781747 | W49: =-U49 -> -34.771825 | Y49: =10*LOG(N49)+20*LOG($C$29) -> 20.164396 | Z49: =DEGREES(O49) -> -88.735493 | AA49: =10*LOG(S49)+Q49+$P$37 -> 14.607429 | AB49: =DEGREES(T49+R49)+180 -> 108.51724
A50: 963.82902 | B50: =A50/1000 -> 0.96382902 | C50: =PI()/(PS!B72*1000) -> 3.1304681e-05 | D50: =B50*$C$9*1000 -> 0.0028462807 | E50: =B50*1000*$C$18/(1+D50^2) -> 0.11385031 | F50: =D50*E50+$C$24 -> 0.0028240499 | G50: =E50 -> 0.11385031 | H50: =($C$40+($C$34*B50*1000)^2) -> 144.71572 | I50: =ATAN2($C$41,-(B50*1000)) -> -0.070383875 | J50: =$C$48+$C$38*(B50*1000)/TAN($C$50*(B50*1000)) -> 9.7514177 | K50: =$C$51*B50*1000 -> -0.23310755 | L50: =F50*J50-G50*K50+$C$44 -> 0.097258681 | M50: =J50*G50+K50*F50+($C$55+$C$65)*B50*1000 -> 1.1083909 | N50: =H50/(L50^2+M50^2) -> 116.89574 | O50: =I50-ATAN2(L50,M50) -> -1.5536567 | Q50: =$P$4+10*LOG((1+($P$6*B50)^2)/(1+($P$8*B50)^2)) -> -23.493182 | R50: =DEGREES(ATAN(B50*$P$6)-ATAN(B50*$P$8)) -> 0 | S50: =((1+($P$24*B50*1000)^2)/((1-$P$28*B50*1000*$P$24*B50*1000)^2+$P$31*(B50*1000)^2))/(1+(B50/fea)^2) -> 0.012413397 | T50: =ATAN(B50*1000*$P$24)-ATAN2(1-$P$24*B50*1000*$P$28*B50*1000,B50*1000*$P$30)-ATAN(B50/fea) -> -1.2430649 | U50: =10*LOG(N50*S50)+Q50+$P$21 -> 33.980639 | V50: =DEGREES(T50+O50)+R50+180 -> 19.759654 | W50: =-U50 -> -33.980639 | Y50: =10*LOG(N50)+20*LOG($C$29) -> 19.757933 | Z50: =DEGREES(O50) -> -89.017974 | AA50: =10*LOG(S50)+Q50+$P$37 -> 14.222706 | AB50: =DEGREES(T50+R50)+180 -> 108.77763
A51: 1010.4155 | B51: =A51/1000 -> 1.0104155 | C51: =C46-C38 -> -0.00024185571 | D51: =B51*$C$9*1000 -> 0.0029838551 | E51: =B51*1000*$C$18/(1+D51^2) -> 0.11935314 | F51: =D51*E51+$C$24 -> 0.0028561325 | G51: =E51 -> 0.11935314 | H51: =($C$40+($C$34*B51*1000)^2) -> 144.78658 | I51: =ATAN2($C$41,-(B51*1000)) -> -0.073773817 | J51: =$C$48+$C$38*(B51*1000)/TAN($C$50*(B51*1000)) -> 9.7511253 | K51: =$C$51*B51*1000 -> -0.24437476 | L51: =F51*J51-G51*K51+$C$44 -> 0.10019822 | M51: =J51*G51+K51*F51+($C$55+$C$65)*B51*1000 -> 1.1619211 | N51: =H51/(L51^2+M51^2) -> 106.45287 | O51: =I51-ATAN2(L51,M51) -> -1.558548 | Q51: =$P$4+10*LOG((1+($P$6*B51)^2)/(1+($P$8*B51)^2)) -> -23.493182 | R51: =DEGREES(ATAN(B51*$P$6)-ATAN(B51*$P$8)) -> 0 | S51: =((1+($P$24*B51*1000)^2)/((1-$P$28*B51*1000*$P$24*B51*1000)^2+$P$31*(B51*1000)^2))/(1+(B51/fea)^2) -> 0.011364822 | T51: =ATAN(B51*1000*$P$24)-ATAN2(1-$P$24*B51*1000*$P$28*B51*1000,B51*1000*$P$30)-ATAN(B51/fea) -> -1.2378663 | U51: =10*LOG(N51*S51)+Q51+$P$21 -> 33.190946 | V51: =DEGREES(T51+O51)+R51+180 -> 19.777265 | W51: =-U51 -> -33.190946 | Y51: =10*LOG(N51)+20*LOG($C$29) -> 19.35152 | Z51: =DEGREES(O51) -> -89.298222 | AA51: =10*LOG(S51)+Q51+$P$37 -> 13.839426 | AB51: =DEGREES(T51+R51)+180 -> 109.07549
A52: 1059.2537 | B52: =A52/1000 -> 1.0592537 | D52: =B52*$C$9*1000 -> 0.0031280791 | E52: =B52*1000*$C$18/(1+D52^2) -> 0.12512194 | F52: =D52*E52+$C$24 -> 0.0028913913 | G52: =E52 -> 0.12512194 | H52: =($C$40+($C$34*B52*1000)^2) -> 144.86446 | I52: =ATAN2($C$41,-(B52*1000)) -> -0.077325788 | J52: =$C$48+$C$38*(B52*1000)/TAN($C$50*(B52*1000)) -> 9.7508039 | K52: =$C$51*B52*1000 -> -0.25618656 | L52: =F52*J52-G52*K52+$C$44 -> 0.10342877 | M52: =J52*G52+K52*F52+($C$55+$C$65)*B52*1000 -> 1.218032 | N52: =H52/(L52^2+M52^2) -> 96.944734 | O52: =I52-ATAN2(L52,M52) -> -1.5634107 | Q52: =$P$4+10*LOG((1+($P$6*B52)^2)/(1+($P$8*B52)^2)) -> -23.493182 | R52: =DEGREES(ATAN(B52*$P$6)-ATAN(B52*$P$8)) -> 0 | S52: =((1+($P$24*B52*1000)^2)/((1-$P$28*B52*1000*$P$24*B52*1000)^2+$P$31*(B52*1000)^2))/(1+(B52/fea)^2) -> 0.010408771 | T52: =ATAN(B52*1000*$P$24)-ATAN2(1-$P$24*B52*1000*$P$28*B52*1000,B52*1000*$P$30)-ATAN(B52/fea) -> -1.2320108 | U52: =10*LOG(N52*S52)+Q52+$P$21 -> 32.402982 | V52: =DEGREES(T52+O52)+R52+180 -> 19.834149 | W52: =-U52 -> -32.402982 | Y52: =10*LOG(N52)+20*LOG($C$29) -> 18.945189 | Z52: =DEGREES(O52) -> -89.576833 | AA52: =10*LOG(S52)+Q52+$P$37 -> 13.457794 | AB52: =DEGREES(T52+R52)+180 -> 109.41098
A53: 1110.4525 | B53: =A53/1000 -> 1.1104525 | C53: kr*Fmm | D53: =B53*$C$9*1000 -> 0.0032792742 | E53: =B53*1000*$C$18/(1+D53^2) -> 0.13116956 | F53: =D53*E53+$C$24 -> 0.0029301409 | G53: =E53 -> 0.13116956 | H53: =($C$40+($C$34*B53*1000)^2) -> 144.95005 | I53: =ATAN2($C$41,-(B53*1000)) -> -0.081047343 | J53: =$C$48+$C$38*(B53*1000)/TAN($C$50*(B53*1000)) -> 9.7504506 | K53: =$C$51*B53*1000 -> -0.26856929 | L53: =F53*J53-G53*K53+$C$44 -> 0.10697913 | M53: =J53*G53+K53*F53+($C$55+$C$65)*B53*1000 -> 1.2768473 | N53: =H53/(L53^2+M53^2) -> 88.288154 | O53: =I53-ATAN2(L53,M53) -> -1.5682551 | Q53: =$P$4+10*LOG((1+($P$6*B53)^2)/(1+($P$8*B53)^2)) -> -23.493182 | R53: =DEGREES(ATAN(B53*$P$6)-ATAN(B53*$P$8)) -> 0 | S53: =((1+($P$24*B53*1000)^2)/((1-$P$28*B53*1000*$P$24*B53*1000)^2+$P$31*(B53*1000)^2))/(1+(B53/fea)^2) -> 0.0095372383 | T53: =ATAN(B53*1000*$P$24)-ATAN2(1-$P$24*B53*1000*$P$28*B53*1000,B53*1000*$P$30)-ATAN(B53/fea) -> -1.2254956 | U53: =10*LOG(N53*S53)+Q53+$P$21 -> 31.616996 | V53: =DEGREES(T53+O53)+R53+180 -> 19.929877 | W53: =-U53 -> -31.616996 | Y53: =10*LOG(N53)+20*LOG($C$29) -> 18.538971 | Z53: =DEGREES(O53) -> -89.854398 | AA53: =10*LOG(S53)+Q53+$P$37 -> 13.078026 | AB53: =DEGREES(T53+R53)+180 -> 109.78427
A54: 1164.126 | B54: =A54/1000 -> 1.164126 | C54: =C31*C36^2*(PS!B66/1000)/(Main!C20*10^-6)/(PS!B72*10^3)/2 -> 8.6790908e-05 | D54: =B54*$C$9*1000 -> 0.0034377772 | E54: =B54*1000*$C$18/(1+D54^2) -> 0.13750946 | F54: =D54*E54+$C$24 -> 0.0029727269 | G54: =E54 -> 0.13750946 | H54: =($C$40+($C$34*B54*1000)^2) -> 145.04411 | I54: =ATAN2($C$41,-(B54*1000)) -> -0.084946362 | J54: =$C$48+$C$38*(B54*1000)/TAN($C$50*(B54*1000)) -> 9.7500624 | K54: =$C$51*B54*1000 -> -0.28155053 | L54: =F54*J54-G54*K54+$C$44 -> 0.11088096 | M54: =J54*G54+K54*F54+($C$55+$C$65)*B54*1000 -> 1.3384967 | N54: =H54/(L54^2+M54^2) -> 80.407276 | O54: =I54-ATAN2(L54,M54) -> -1.5730915 | Q54: =$P$4+10*LOG((1+($P$6*B54)^2)/(1+($P$8*B54)^2)) -> -23.493182 | R54: =DEGREES(ATAN(B54*$P$6)-ATAN(B54*$P$8)) -> 0 | S54: =((1+($P$24*B54*1000)^2)/((1-$P$28*B54*1000*$P$24*B54*1000)^2+$P$31*(B54*1000)^2))/(1+(B54/fea)^2) -> 0.0087428826 | T54: =ATAN(B54*1000*$P$24)-ATAN2(1-$P$24*B54*1000*$P$28*B54*1000,B54*1000*$P$30)-ATAN(B54/fea) -> -1.2183179 | U54: =10*LOG(N54*S54)+Q54+$P$21 -> 30.833246 | V54: =DEGREES(T54+O54)+R54+180 -> 20.064022 | W54: =-U54 -> -30.833246 | Y54: =10*LOG(N54)+20*LOG($C$29) -> 18.1329 | Z54: =DEGREES(O54) -> -90.131503 | AA54: =10*LOG(S54)+Q54+$P$37 -> 12.700346 | AB54: =DEGREES(T54+R54)+180 -> 110.19552
A55: 1220.3938 | B55: =A55/1000 -> 1.2203938 | C55: =C54*C34 -> 7.6180994e-08 | D55: =B55*$C$9*1000 -> 0.0036039414 | E55: =B55*1000*$C$18/(1+D55^2) -> 0.14415579 | F55: =D55*E55+$C$24 -> 0.003019529 | G55: =E55 -> 0.14415579 | H55: =($C$40+($C$34*B55*1000)^2) -> 145.14748 | I55: =ATAN2($C$41,-(B55*1000)) -> -0.08903106 | J55: =$C$48+$C$38*(B55*1000)/TAN($C$50*(B55*1000)) -> 9.7496358 | K55: =$C$51*B55*1000 -> -0.29515921 | L55: =F55*J55-G55*K55+$C$44 -> 0.11516904 | M55: =J55*G55+K55*F55+($C$55+$C$65)*B55*1000 -> 1.4031157 | N55: =H55/(L55^2+M55^2) -> 73.232928 | O55: =I55-ATAN2(L55,M55) -> -1.57793 | Q55: =$P$4+10*LOG((1+($P$6*B55)^2)/(1+($P$8*B55)^2)) -> -23.493182 | R55: =DEGREES(ATAN(B55*$P$6)-ATAN(B55*$P$8)) -> 0 | S55: =((1+($P$24*B55*1000)^2)/((1-$P$28*B55*1000*$P$24*B55*1000)^2+$P$31*(B55*1000)^2))/(1+(B55/fea)^2) -> 0.0080189783 | T55: =ATAN(B55*1000*$P$24)-ATAN2(1-$P$24*B55*1000*$P$28*B55*1000,B55*1000*$P$30)-ATAN(B55/fea) -> -1.2104753 | U55: =10*LOG(N55*S55)+Q55+$P$21 -> 30.052 | V55: =DEGREES(T55+O55)+R55+180 -> 20.236145 | W55: =-U55 -> -30.052 | Y55: =10*LOG(N55)+20*LOG($C$29) -> 17.72701 | Z55: =DEGREES(O55) -> -90.408732 | AA55: =10*LOG(S55)+Q55+$P$37 -> 12.32499 | AB55: =DEGREES(T55+R55)+180 -> 110.64488
A56: 1279.3813 | B56: =A56/1000 -> 1.2793813 | D56: =B56*$C$9*1000 -> 0.0037781372 | E56: =B56*1000*$C$18/(1+D56^2) -> 0.15112333 | F56: =D56*E56+$C$24 -> 0.0030709647 | G56: =E56 -> 0.15112333 | H56: =($C$40+($C$34*B56*1000)^2) -> 145.26109 | I56: =ATAN2($C$41,-(B56*1000)) -> -0.093309992 | J56: =$C$48+$C$38*(B56*1000)/TAN($C$50*(B56*1000)) -> 9.7491668 | K56: =$C$51*B56*1000 -> -0.30942567 | L56: =F56*J56-G56*K56+$C$44 -> 0.11988161 | M56: =J56*G56+K56*F56+($C$55+$C$65)*B56*1000 -> 1.4708463 | N56: =H56/(L56^2+M56^2) -> 66.70205 | O56: =I56-ATAN2(L56,M56) -> -1.5827809 | Q56: =$P$4+10*LOG((1+($P$6*B56)^2)/(1+($P$8*B56)^2)) -> -23.493182 | R56: =DEGREES(ATAN(B56*$P$6)-ATAN(B56*$P$8)) -> 0 | S56: =((1+($P$24*B56*1000)^2)/((1-$P$28*B56*1000*$P$24*B56*1000)^2+$P$31*(B56*1000)^2))/(1+(B56/fea)^2) -> 0.007359367 | T56: =ATAN(B56*1000*$P$24)-ATAN2(1-$P$24*B56*1000*$P$28*B56*1000,B56*1000*$P$30)-ATAN(B56/fea) -> -1.2019655 | U56: =10*LOG(N56*S56)+Q56+$P$21 -> 29.273542 | V56: =DEGREES(T56+O56)+R56+180 -> 20.445786 | W56: =-U56 -> -29.273542 | Y56: =10*LOG(N56)+20*LOG($C$29) -> 17.321338 | Z56: =DEGREES(O56) -> -90.686665 | AA56: =10*LOG(S56)+Q56+$P$37 -> 11.952204 | AB56: =DEGREES(T56+R56)+180 -> 111.13245
A57: 1341.2199 | B57: =A57/1000 -> 1.3412199 | D57: =B57*$C$9*1000 -> 0.0039607527 | E57: =B57*1000*$C$18/(1+D57^2) -> 0.15842762 | F57: =D57*E57+$C$24 -> 0.0031274926 | G57: =E57 -> 0.15842762 | H57: =($C$40+($C$34*B57*1000)^2) -> 145.38594 | I57: =ATAN2($C$41,-(B57*1000)) -> -0.097792067 | J57: =$C$48+$C$38*(B57*1000)/TAN($C$50*(B57*1000)) -> 9.7486515 | K57: =$C$51*B57*1000 -> -0.3243817 | L57: =F57*J57-G57*K57+$C$44 -> 0.12506068 | M57: =J57*G57+K57*F57+($C$55+$C$65)*B57*1000 -> 1.5418372 | N57: =H57/(L57^2+M57^2) -> 60.757162 | O57: =I57-ATAN2(L57,M57) -> -1.5876541 | Q57: =$P$4+10*LOG((1+($P$6*B57)^2)/(1+($P$8*B57)^2)) -> -23.493182 | R57: =DEGREES(ATAN(B57*$P$6)-ATAN(B57*$P$8)) -> 0 | S57: =((1+($P$24*B57*1000)^2)/((1-$P$28*B57*1000*$P$24*B57*1000)^2+$P$31*(B57*1000)^2))/(1+(B57/fea)^2) -> 0.0067584132 | T57: =ATAN(B57*1000*$P$24)-ATAN2(1-$P$24*B57*1000*$P$28*B57*1000,B57*1000*$P$30)-ATAN(B57/fea) -> -1.1927871 | U57: =10*LOG(N57*S57)+Q57+$P$21 -> 28.498168 | V57: =DEGREES(T57+O57)+R57+180 -> 20.692454 | W57: =-U57 -> -28.498168 | Y57: =10*LOG(N57)+20*LOG($C$29) -> 16.915921 | Z57: =DEGREES(O57) -> -90.96588 | AA57: =10*LOG(S57)+Q57+$P$37 -> 11.582247 | AB57: =DEGREES(T57+R57)+180 -> 111.65833
A58: 1406.0475 | B58: =A58/1000 -> 1.4060475 | C58: L*2PI | D58: =B58*$C$9*1000 -> 0.0041521949 | E58: =B58*1000*$C$18/(1+D58^2) -> 0.16608493 | F58: =D58*E58+$C$24 -> 0.003189617 | G58: =E58 -> 0.16608493 | H58: =($C$40+($C$34*B58*1000)^2) -> 145.52316 | I58: =ATAN2($C$41,-(B58*1000)) -> -0.10248655 | J58: =$C$48+$C$38*(B58*1000)/TAN($C$50*(B58*1000)) -> 9.7480851 | K58: =$C$51*B58*1000 -> -0.34006062 | L58: =F58*J58-G58*K58+$C$44 -> 0.13075243 | M58: =J58*G58+K58*F58+($C$55+$C$65)*B58*1000 -> 1.6162439 | N58: =H58/(L58^2+M58^2) -> 55.345879 | O58: =I58-ATAN2(L58,M58) -> -1.5925597 | Q58: =$P$4+10*LOG((1+($P$6*B58)^2)/(1+($P$8*B58)^2)) -> -23.493182 | R58: =DEGREES(ATAN(B58*$P$6)-ATAN(B58*$P$8)) -> 0 | S58: =((1+($P$24*B58*1000)^2)/((1-$P$28*B58*1000*$P$24*B58*1000)^2+$P$31*(B58*1000)^2))/(1+(B58/fea)^2) -> 0.0062109626 | T58: =ATAN(B58*1000*$P$24)-ATAN2(1-$P$24*B58*1000*$P$28*B58*1000,B58*1000*$P$30)-ATAN(B58/fea) -> -1.1829394 | U58: =10*LOG(N58*S58)+Q58+$P$21 -> 27.726188 | V58: =DEGREES(T58+O58)+R58+180 -> 20.975615 | W58: =-U58 -> -27.726188 | Y58: =10*LOG(N58)+20*LOG($C$29) -> 16.510799 | Z58: =DEGREES(O58) -> -91.246951 | AA58: =10*LOG(S58)+Q58+$P$37 -> 11.215388 | AB58: =DEGREES(T58+R58)+180 -> 112.22257
A59: 1474.0085 | B59: =A59/1000 -> 1.4740085 | D59: =B59*$C$9*1000 -> 0.0043528903 | E59: =B59*1000*$C$18/(1+D59^2) -> 0.17411231 | F59: =D59*E59+$C$24 -> 0.0032578918 | G59: =E59 -> 0.17411231 | H59: =($C$40+($C$34*B59*1000)^2) -> 145.67396 | I59: =ATAN2($C$41,-(B59*1000)) -> -0.10740308 | J59: =$C$48+$C$38*(B59*1000)/TAN($C$50*(B59*1000)) -> 9.7474626 | K59: =$C$51*B59*1000 -> -0.35649738 | L59: =F59*J59-G59*K59+$C$44 -> 0.13700759 | M59: =J59*G59+K59*F59+($C$55+$C$65)*B59*1000 -> 1.6942291 | N59: =H59/(L59^2+M59^2) -> 50.420465 | O59: =I59-ATAN2(L59,M59) -> -1.5975078 | Q59: =$P$4+10*LOG((1+($P$6*B59)^2)/(1+($P$8*B59)^2)) -> -23.493182 | R59: =DEGREES(ATAN(B59*$P$6)-ATAN(B59*$P$8)) -> 0 | S59: =((1+($P$24*B59*1000)^2)/((1-$P$28*B59*1000*$P$24*B59*1000)^2+$P$31*(B59*1000)^2))/(1+(B59/fea)^2) -> 0.0057123029 | T59: =ATAN(B59*1000*$P$24)-ATAN2(1-$P$24*B59*1000*$P$28*B59*1000,B59*1000*$P$30)-ATAN(B59/fea) -> -1.1724227 | U59: =10*LOG(N59*S59)+Q59+$P$21 -> 26.957926 | V59: =DEGREES(T59+O59)+R59+180 -> 21.294676 | W59: =-U59 -> -26.957926 | Y59: =10*LOG(N59)+20*LOG($C$29) -> 16.106015 | Z59: =DEGREES(O59) -> -91.530453 | AA59: =10*LOG(S59)+Q59+$P$37 -> 10.851912 | AB59: =DEGREES(T59+R59)+180 -> 112.82513
A60: 1545.2544 | B60: =A60/1000 -> 1.5452544 | C60: RDC*Yo+1 | D60: =B60*$C$9*1000 -> 0.0045632864 | E60: =B60*1000*$C$18/(1+D60^2) -> 0.18252765 | F60: =D60*E60+$C$24 -> 0.003332926 | G60: =E60 -> 0.18252765 | H60: =($C$40+($C$34*B60*1000)^2) -> 145.83969 | I60: =ATAN2($C$41,-(B60*1000)) -> -0.11255165 | J60: =$C$48+$C$38*(B60*1000)/TAN($C$50*(B60*1000)) -> 9.7467785 | K60: =$C$51*B60*1000 -> -0.37372861 | L60: =F60*J60-G60*K60+$C$44 -> 0.14388192 | M60: =J60*G60+K60*F60+($C$55+$C$65)*B60*1000 -> 1.775963 | N60: =H60/(L60^2+M60^2) -> 45.937426 | O60: =I60-ATAN2(L60,M60) -> -1.6025082 | Q60: =$P$4+10*LOG((1+($P$6*B60)^2)/(1+($P$8*B60)^2)) -> -23.493182 | R60: =DEGREES(ATAN(B60*$P$6)-ATAN(B60*$P$8)) -> 0 | S60: =((1+($P$24*B60*1000)^2)/((1-$P$28*B60*1000*$P$24*B60*1000)^2+$P$31*(B60*1000)^2))/(1+(B60/fea)^2) -> 0.0052581282 | T60: =ATAN(B60*1000*$P$24)-ATAN2(1-$P$24*B60*1000*$P$28*B60*1000,B60*1000*$P$30)-ATAN(B60/fea) -> -1.1612384 | U60: =10*LOG(N60*S60)+Q60+$P$21 -> 26.193724 | V60: =DEGREES(T60+O60)+R60+180 -> 21.648979 | W60: =-U60 -> -26.193724 | Y60: =10*LOG(N60)+20*LOG($C$29) -> 15.701613 | Z60: =DEGREES(O60) -> -91.816959 | AA60: =10*LOG(S60)+Q60+$P$37 -> 10.492111 | AB60: =DEGREES(T60+R60)+180 -> 113.46594
A61: 1619.944 | B61: =A61/1000 -> 1.619944 | C61: =C24*C62+1 -> 1 | D61: =B61*$C$9*1000 -> 0.0047838519 | E61: =B61*1000*$C$18/(1+D61^2) -> 0.1913497 | F61: =D61*E61+$C$24 -> 0.0034153886 | G61: =E61 -> 0.1913497 | H61: =($C$40+($C$34*B61*1000)^2) -> 146.02183 | I61: =ATAN2($C$41,-(B61*1000)) -> -0.11794264 | J61: =$C$48+$C$38*(B61*1000)/TAN($C$50*(B61*1000)) -> 9.7460266 | K61: =$C$51*B61*1000 -> -0.3917927 | L61: =F61*J61-G61*K61+$C$44 -> 0.15143671 | M61: =J61*G61+K61*F61+($C$55+$C$65)*B61*1000 -> 1.8616238 | N61: =H61/(L61^2+M61^2) -> 41.857142 | O61: =I61-ATAN2(L61,M61) -> -1.6075711 | Q61: =$P$4+10*LOG((1+($P$6*B61)^2)/(1+($P$8*B61)^2)) -> -23.493182 | R61: =DEGREES(ATAN(B61*$P$6)-ATAN(B61*$P$8)) -> 0 | S61: =((1+($P$24*B61*1000)^2)/((1-$P$28*B61*1000*$P$24*B61*1000)^2+$P$31*(B61*1000)^2))/(1+(B61/fea)^2) -> 0.004844505 | T61: =ATAN(B61*1000*$P$24)-ATAN2(1-$P$24*B61*1000*$P$28*B61*1000,B61*1000*$P$30)-ATAN(B61/fea) -> -1.1493898 | U61: =10*LOG(N61*S61)+Q61+$P$21 -> 25.433935 | V61: =DEGREES(T61+O61)+R61+180 -> 22.037776 | W61: =-U61 -> -25.433935 | Y61: =10*LOG(N61)+20*LOG($C$29) -> 15.297642 | Z61: =DEGREES(O61) -> -92.10704 | AA61: =10*LOG(S61)+Q61+$P$37 -> 10.136293 | AB61: =DEGREES(T61+R61)+180 -> 114.14482
A62: 1698.2437 | B62: =A62/1000 -> 1.6982437 | D62: =B62*$C$9*1000 -> 0.0050150784 | E62: =B62*1000*$C$18/(1+D62^2) -> 0.20059809 | F62: =D62*E62+$C$24 -> 0.0035060152 | G62: =E62 -> 0.20059809 | H62: =($C$40+($C$34*B62*1000)^2) -> 146.222 | I62: =ATAN2($C$41,-(B62*1000)) -> -0.12358682 | J62: =$C$48+$C$38*(B62*1000)/TAN($C$50*(B62*1000)) -> 9.7452003 | K62: =$C$51*B62*1000 -> -0.41072992 | L62: =F62*J62-G62*K62+$C$44 -> 0.15973928 | M62: =J62*G62+K62*F62+($C$55+$C$65)*B62*1000 -> 1.9513976 | N62: =H62/(L62^2+M62^2) -> 38.143519 | O62: =I62-ATAN2(L62,M62) -> -1.6127063 | Q62: =$P$4+10*LOG((1+($P$6*B62)^2)/(1+($P$8*B62)^2)) -> -23.493182 | R62: =DEGREES(ATAN(B62*$P$6)-ATAN(B62*$P$8)) -> 0 | S62: =((1+($P$24*B62*1000)^2)/((1-$P$28*B62*1000*$P$24*B62*1000)^2+$P$31*(B62*1000)^2))/(1+(B62/fea)^2) -> 0.0044678416 | T62: =ATAN(B62*1000*$P$24)-ATAN2(1-$P$24*B62*1000*$P$28*B62*1000,B62*1000*$P$30)-ATAN(B62/fea) -> -1.1368814 | U62: =10*LOG(N62*S62)+Q62+$P$21 -> 24.678931 | V62: =DEGREES(T62+O62)+R62+180 -> 22.460226 | W62: =-U62 -> -24.678931 | Y62: =10*LOG(N62)+20*LOG($C$29) -> 14.894154 | Z62: =DEGREES(O62) -> -92.401267 | AA62: =10*LOG(S62)+Q62+$P$37 -> 9.784777 | AB62: =DEGREES(T62+R62)+180 -> 114.86149
A63: 1780.3279 | B63: =A63/1000 -> 1.7803279 | D63: =B63*$C$9*1000 -> 0.0052574812 | E63: =B63*1000*$C$18/(1+D63^2) -> 0.21029343 | F63: =D63*E63+$C$24 -> 0.0036056138 | G63: =E63 -> 0.21029343 | H63: =($C$40+($C$34*B63*1000)^2) -> 146.442 | I63: =ATAN2($C$41,-(B63*1000)) -> -0.12949531 | J63: =$C$48+$C$38*(B63*1000)/TAN($C$50*(B63*1000)) -> 9.7442921 | K63: =$C$51*B63*1000 -> -0.43058247 | L63: =F63*J63-G63*K63+$C$44 -> 0.16886364 | M63: =J63*G63+K63*F63+($C$55+$C$65)*B63*1000 -> 2.045479 | N63: =H63/(L63^2+M63^2) -> 34.763684 | O63: =I63-ATAN2(L63,M63) -> -1.6179238 | Q63: =$P$4+10*LOG((1+($P$6*B63)^2)/(1+($P$8*B63)^2)) -> -23.493182 | R63: =DEGREES(ATAN(B63*$P$6)-ATAN(B63*$P$8)) -> 0 | S63: =((1+($P$24*B63*1000)^2)/((1-$P$28*B63*1000*$P$24*B63*1000)^2+$P$31*(B63*1000)^2))/(1+(B63/fea)^2) -> 0.0041248591 | T63: =ATAN(B63*1000*$P$24)-ATAN2(1-$P$24*B63*1000*$P$28*B63*1000,B63*1000*$P$30)-ATAN(B63/fea) -> -1.1237201 | U63: =10*LOG(N63*S63)+Q63+$P$21 -> 23.929095 | V63: =DEGREES(T63+O63)+R63+180 -> 22.915373 | W63: =-U63 -> -23.929095 | Y63: =10*LOG(N63)+20*LOG($C$29) -> 14.491204 | Z63: =DEGREES(O63) -> -92.700208 | AA63: =10*LOG(S63)+Q63+$P$37 -> 9.4378906 | AB63: =DEGREES(T63+R63)+180 -> 115.61558
A64: 1866.3797 | B64: =A64/1000 -> 1.8663797 | D64: =B64*$C$9*1000 -> 0.0055116004 | E64: =B64*1000*$C$18/(1+D64^2) -> 0.22045732 | F64: =D64*E64+$C$24 -> 0.0037150727 | G64: =E64 -> 0.22045732 | H64: =($C$40+($C$34*B64*1000)^2) -> 146.68377 | I64: =ATAN2($C$41,-(B64*1000)) -> -0.13567964 | J64: =$C$48+$C$38*(B64*1000)/TAN($C$50*(B64*1000)) -> 9.743294 | K64: =$C$51*B64*1000 -> -0.45139459 | L64: =F64*J64-G64*K64+$C$44 -> 0.17889111 | M64: =J64*G64+K64*F64+($C$55+$C$65)*B64*1000 -> 2.1440715 | N64: =H64/(L64^2+M64^2) -> 31.687698 | O64: =I64-ATAN2(L64,M64) -> -1.6232335 | Q64: =$P$4+10*LOG((1+($P$6*B64)^2)/(1+($P$8*B64)^2)) -> -23.493182 | R64: =DEGREES(ATAN(B64*$P$6)-ATAN(B64*$P$8)) -> 0 | S64: =((1+($P$24*B64*1000)^2)/((1-$P$28*B64*1000*$P$24*B64*1000)^2+$P$31*(B64*1000)^2))/(1+(B64/fea)^2) -> 0.0038125656 | T64: =ATAN(B64*1000*$P$24)-ATAN2(1-$P$24*B64*1000*$P$28*B64*1000,B64*1000*$P$30)-ATAN(B64/fea) -> -1.1099148 | U64: =10*LOG(N64*S64)+Q64+$P$21 -> 23.184826 | V64: =DEGREES(T64+O64)+R64+180 -> 23.402133 | W64: =-U64 -> -23.184826 | Y64: =10*LOG(N64)+20*LOG($C$29) -> 14.088853 | Z64: =DEGREES(O64) -> -93.004431 | AA64: =10*LOG(S64)+Q64+$P$37 -> 9.0959726 | AB64: =DEGREES(T64+R64)+180 -> 116.40656
A65: 1956.5908 | B65: =A65/1000 -> 1.9565908 | C65: =-C36*C50*C31*C42*PS!B66*0.001 -> -1.2720956e-06 | D65: =B65*$C$9*1000 -> 0.0057780025 | E65: =B65*1000*$C$18/(1+D65^2) -> 0.23111238 | F65: =D65*E65+$C$24 -> 0.0038353679 | G65: =E65 -> 0.23111238 | H65: =($C$40+($C$34*B65*1000)^2) -> 146.94948 | I65: =ATAN2($C$41,-(B65*1000)) -> -0.14215168 | J65: =$C$48+$C$38*(B65*1000)/TAN($C$50*(B65*1000)) -> 9.742197 | K65: =$C$51*B65*1000 -> -0.47321265 | L65: =F65*J65-G65*K65+$C$44 -> 0.18991104 | M65: =J65*G65+K65*F65+($C$55+$C$65)*B65*1000 -> 2.2473875 | N65: =H65/(L65^2+M65^2) -> 28.888297 | O65: =I65-ATAN2(L65,M65) -> -1.6286453 | Q65: =$P$4+10*LOG((1+($P$6*B65)^2)/(1+($P$8*B65)^2)) -> -23.493182 | R65: =DEGREES(ATAN(B65*$P$6)-ATAN(B65*$P$8)) -> 0 | S65: =((1+($P$24*B65*1000)^2)/((1-$P$28*B65*1000*$P$24*B65*1000)^2+$P$31*(B65*1000)^2))/(1+(B65/fea)^2) -> 0.003528231 | T65: =ATAN(B65*1000*$P$24)-ATAN2(1-$P$24*B65*1000*$P$28*B65*1000,B65*1000*$P$30)-ATAN(B65/fea) -> -1.0954772 | U65: =10*LOG(N65*S65)+Q65+$P$21 -> 22.446535 | V65: =DEGREES(T65+O65)+R65+180 -> 23.919281 | W65: =-U65 -> -22.446535 | Y65: =10*LOG(N65)+20*LOG($C$29) -> 13.687166 | Z65: =DEGREES(O65) -> -93.3145 | AA65: =10*LOG(S65)+Q65+$P$37 -> 8.7593695 | AB65: =DEGREES(T65+R65)+180 -> 117.23378
A66: 2051.1622 | B66: =A66/1000 -> 2.0511622 | D66: =B66*$C$9*1000 -> 0.0060572811 | E66: =B66*1000*$C$18/(1+D66^2) -> 0.24228235 | F66: =D66*E66+$C$24 -> 0.0039675723 | G66: =E66 -> 0.24228235 | H66: =($C$40+($C$34*B66*1000)^2) -> 147.24149 | I66: =ATAN2($C$41,-(B66*1000)) -> -0.14892369 | J66: =$C$48+$C$38*(B66*1000)/TAN($C$50*(B66*1000)) -> 9.7409913 | K66: =$C$51*B66*1000 -> -0.49608529 | L66: =F66*J66-G66*K66+$C$44 -> 0.20202162 | M66: =J66*G66+K66*F66+($C$55+$C$65)*B66*1000 -> 2.355649 | N66: =H66/(L66^2+M66^2) -> 26.340654 | O66: =I66-ATAN2(L66,M66) -> -1.6341689 | Q66: =$P$4+10*LOG((1+($P$6*B66)^2)/(1+($P$8*B66)^2)) -> -23.493182 | R66: =DEGREES(ATAN(B66*$P$6)-ATAN(B66*$P$8)) -> 0 | S66: =((1+($P$24*B66*1000)^2)/((1-$P$28*B66*1000*$P$24*B66*1000)^2+$P$31*(B66*1000)^2))/(1+(B66/fea)^2) -> 0.0032693655 | T66: =ATAN(B66*1000*$P$24)-ATAN2(1-$P$24*B66*1000*$P$28*B66*1000,B66*1000*$P$30)-ATAN(B66/fea) -> -1.0804214 | U66: =10*LOG(N66*S66)+Q66+$P$21 -> 21.714646 | V66: =DEGREES(T66+O66)+R66+180 -> 24.465435 | W66: =-U66 -> -21.714646 | Y66: =10*LOG(N66)+20*LOG($C$29) -> 13.286212 | Z66: =DEGREES(O66) -> -93.630979 | AA66: =10*LOG(S66)+Q66+$P$37 -> 8.428434 | AB66: =DEGREES(T66+R66)+180 -> 118.09641
A67: 2150.3047 | B67: =A67/1000 -> 2.1503047 | D67: =B67*$C$9*1000 -> 0.0063500585 | E67: =B67*1000*$C$18/(1+D67^2) -> 0.2539921 | F67: =D67*E67+$C$24 -> 0.0041128647 | G67: =E67 -> 0.2539921 | H67: =($C$40+($C$34*B67*1000)^2) -> 147.56242 | I67: =ATAN2($C$41,-(B67*1000)) -> -0.15600828 | J67: =$C$48+$C$38*(B67*1000)/TAN($C$50*(B67*1000)) -> 9.7396662 | K67: =$C$51*B67*1000 -> -0.52006346 | L67: =F67*J67-G67*K67+$C$44 -> 0.21533076 | M67: =J67*G67+K67*F67+($C$55+$C$65)*B67*1000 -> 2.4690877 | N67: =H67/(L67^2+M67^2) -> 24.022163 | O67: =I67-ATAN2(L67,M67) -> -1.639814 | Q67: =$P$4+10*LOG((1+($P$6*B67)^2)/(1+($P$8*B67)^2)) -> -23.493182 | R67: =DEGREES(ATAN(B67*$P$6)-ATAN(B67*$P$8)) -> 0 | S67: =((1+($P$24*B67*1000)^2)/((1-$P$28*B67*1000*$P$24*B67*1000)^2+$P$31*(B67*1000)^2))/(1+(B67/fea)^2) -> 0.0030336982 | T67: =ATAN(B67*1000*$P$24)-ATAN2(1-$P$24*B67*1000*$P$28*B67*1000,B67*1000*$P$30)-ATAN(B67/fea) -> -1.0647648 | U67: =10*LOG(N67*S67)+Q67+$P$21 -> 20.989591 | V67: =DEGREES(T67+O67)+R67+180 -> 25.039046 | W67: =-U67 -> -20.989591 | Y67: =10*LOG(N67)+20*LOG($C$29) -> 12.886067 | Z67: =DEGREES(O67) -> -93.954424 | AA67: =10*LOG(S67)+Q67+$P$37 -> 8.1035231 | AB67: =DEGREES(T67+R67)+180 -> 118.99347
A68: 2254.2392 | B68: =A68/1000 -> 2.2542392 | D68: =B68*$C$9*1000 -> 0.0066569873 | E68: =B68*1000*$C$18/(1+D68^2) -> 0.26626769 | F68: =D68*E68+$C$24 -> 0.0042725406 | G68: =E68 -> 0.26626769 | H68: =($C$40+($C$34*B68*1000)^2) -> 147.91512 | I68: =ATAN2($C$41,-(B68*1000)) -> -0.16341836 | J68: =$C$48+$C$38*(B68*1000)/TAN($C$50*(B68*1000)) -> 9.7382098 | K68: =$C$51*B68*1000 -> -0.54520063 | L68: =F68*J68-G68*K68+$C$44 -> 0.22995703 | M68: =J68*G68+K68*F68+($C$55+$C$65)*B68*1000 -> 2.5879454 | N68: =H68/(L68^2+M68^2) -> 21.912242 | O68: =I68-ATAN2(L68,M68) -> -1.6455905 | Q68: =$P$4+10*LOG((1+($P$6*B68)^2)/(1+($P$8*B68)^2)) -> -23.493182 | R68: =DEGREES(ATAN(B68*$P$6)-ATAN(B68*$P$8)) -> 0 | S68: =((1+($P$24*B68*1000)^2)/((1-$P$28*B68*1000*$P$24*B68*1000)^2+$P$31*(B68*1000)^2))/(1+(B68/fea)^2) -> 0.002819159 | T68: =ATAN(B68*1000*$P$24)-ATAN2(1-$P$24*B68*1000*$P$28*B68*1000,B68*1000*$P$30)-ATAN(B68/fea) -> -1.0485279 | U68: =10*LOG(N68*S68)+Q68+$P$21 -> 20.27181 | V68: =DEGREES(T68+O68)+R68+180 -> 25.638386 | W68: =-U68 -> -20.27181 | Y68: =10*LOG(N68)+20*LOG($C$29) -> 12.486815 | Z68: =DEGREES(O68) -> -94.285388 | AA68: =10*LOG(S68)+Q68+$P$37 -> 7.784995 | AB68: =DEGREES(T68+R68)+180 -> 119.92377
A69: 2363.1974 | B69: =A69/1000 -> 2.3631974 | D69: =B69*$C$9*1000 -> 0.0069787514 | E69: =B69*1000*$C$18/(1+D69^2) -> 0.27913646 | F69: =D69*E69+$C$24 -> 0.004448024 | G69: =E69 -> 0.27913646 | H69: =($C$40+($C$34*B69*1000)^2) -> 148.30274 | I69: =ATAN2($C$41,-(B69*1000)) -> -0.17116721 | J69: =$C$48+$C$38*(B69*1000)/TAN($C$50*(B69*1000)) -> 9.7366091 | K69: =$C$51*B69*1000 -> -0.57155278 | L69: =F69*J69-G69*K69+$C$44 -> 0.24603072 | M69: =J69*G69+K69*F69+($C$55+$C$65)*B69*1000 -> 2.7124741 | N69: =H69/(L69^2+M69^2) -> 19.992154 | O69: =I69-ATAN2(L69,M69) -> -1.6515076 | Q69: =$P$4+10*LOG((1+($P$6*B69)^2)/(1+($P$8*B69)^2)) -> -23.493182 | R69: =DEGREES(ATAN(B69*$P$6)-ATAN(B69*$P$8)) -> 0 | S69: =((1+($P$24*B69*1000)^2)/((1-$P$28*B69*1000*$P$24*B69*1000)^2+$P$31*(B69*1000)^2))/(1+(B69/fea)^2) -> 0.0026238604 | T69: =ATAN(B69*1000*$P$24)-ATAN2(1-$P$24*B69*1000*$P$28*B69*1000,B69*1000*$P$30)-ATAN(B69/fea) -> -1.0317347 | U69: =10*LOG(N69*S69)+Q69+$P$21 -> 19.561749 | V69: =DEGREES(T69+O69)+R69+180 -> 26.261539 | W69: =-U69 -> -19.561749 | Y69: =10*LOG(N69)+20*LOG($C$29) -> 12.088542 | Z69: =DEGREES(O69) -> -94.624417 | AA69: =10*LOG(S69)+Q69+$P$37 -> 7.4732065 | AB69: =DEGREES(T69+R69)+180 -> 120.88596
A70: 2477.4221 | B70: =A70/1000 -> 2.4774221 | D70: =B70*$C$9*1000 -> 0.0073160679 | E70: =B70*1000*$C$18/(1+D70^2) -> 0.29262705 | F70: =D70*E70+$C$24 -> 0.0046408794 | G70: =E70 -> 0.29262705 | H70: =($C$40+($C$34*B70*1000)^2) -> 148.72873 | I70: =ATAN2($C$41,-(B70*1000)) -> -0.17926835 | J70: =$C$48+$C$38*(B70*1000)/TAN($C$50*(B70*1000)) -> 9.7348498 | K70: =$C$51*B70*1000 -> -0.59917867 | L70: =F70*J70-G70*K70+$C$44 -> 0.26369498 | M70: =J70*G70+K70*F70+($C$55+$C$65)*B70*1000 -> 2.8429369 | N70: =H70/(L70^2+M70^2) -> 18.244838 | O70: =I70-ATAN2(L70,M70) -> -1.6575749 | Q70: =$P$4+10*LOG((1+($P$6*B70)^2)/(1+($P$8*B70)^2)) -> -23.493182 | R70: =DEGREES(ATAN(B70*$P$6)-ATAN(B70*$P$8)) -> 0 | S70: =((1+($P$24*B70*1000)^2)/((1-$P$28*B70*1000*$P$24*B70*1000)^2+$P$31*(B70*1000)^2))/(1+(B70/fea)^2) -> 0.0024460823 | T70: =ATAN(B70*1000*$P$24)-ATAN2(1-$P$24*B70*1000*$P$28*B70*1000,B70*1000*$P$30)-ATAN(B70/fea) -> -1.0144126 | U70: =10*LOG(N70*S70)+Q70+$P$21 -> 18.859856 | V70: =DEGREES(T70+O70)+R70+180 -> 26.906392 | W70: =-U70 -> -18.859856 | Y70: =10*LOG(N70)+20*LOG($C$29) -> 11.691347 | Z70: =DEGREES(O70) -> -94.972045 | AA70: =10*LOG(S70)+Q70+$P$37 -> 7.1685099 | AB70: =DEGREES(T70+R70)+180 -> 121.87844
A71: 2597.1677 | B71: =A71/1000 -> 2.5971677 | D71: =B71*$C$9*1000 -> 0.0076696885 | E71: =B71*1000*$C$18/(1+D71^2) -> 0.30676949 | F71: =D71*E71+$C$24 -> 0.0048528265 | G71: =E71 -> 0.30676949 | H71: =($C$40+($C$34*B71*1000)^2) -> 149.19691 | I71: =ATAN2($C$41,-(B71*1000)) -> -0.18773558 | J71: =$C$48+$C$38*(B71*1000)/TAN($C$50*(B71*1000)) -> 9.7329162 | K71: =$C$51*B71*1000 -> -0.62813985 | L71: =F71*J71-G71*K71+$C$44 -> 0.28310712 | M71: =J71*G71+K71*F71+($C$55+$C$65)*B71*1000 -> 2.9796075 | N71: =H71/(L71^2+M71^2) -> 16.654766 | O71: =I71-ATAN2(L71,M71) -> -1.6638014 | Q71: =$P$4+10*LOG((1+($P$6*B71)^2)/(1+($P$8*B71)^2)) -> -23.493182 | R71: =DEGREES(ATAN(B71*$P$6)-ATAN(B71*$P$8)) -> 0 | S71: =((1+($P$24*B71*1000)^2)/((1-$P$28*B71*1000*$P$24*B71*1000)^2+$P$31*(B71*1000)^2))/(1+(B71/fea)^2) -> 0.002284257 | T71: =ATAN(B71*1000*$P$24)-ATAN2(1-$P$24*B71*1000*$P$28*B71*1000,B71*1000*$P$30)-ATAN(B71/fea) -> -0.99659285 | U71: =10*LOG(N71*S71)+Q71+$P$21 -> 18.166581 | V71: =DEGREES(T71+O71)+R71+180 -> 27.570638 | W71: =-U71 -> -18.166581 | Y71: =10*LOG(N71)+20*LOG($C$29) -> 11.295332 | Z71: =DEGREES(O71) -> -95.328798 | AA71: =10*LOG(S71)+Q71+$P$37 -> 6.871249 | AB71: =DEGREES(T71+R71)+180 -> 122.89944
A72: 2722.7013 | B72: =A72/1000 -> 2.7227013 | D72: =B72*$C$9*1000 -> 0.0080404013 | E72: =B72*1000*$C$18/(1+D72^2) -> 0.32159526 | F72: =D72*E72+$C$24 -> 0.005085755 | G72: =E72 -> 0.32159526 | H72: =($C$40+($C$34*B72*1000)^2) -> 149.71143 | I72: =ATAN2($C$41,-(B72*1000)) -> -0.1965829 | J72: =$C$48+$C$38*(B72*1000)/TAN($C$50*(B72*1000)) -> 9.730791 | K72: =$C$51*B72*1000 -> -0.65850086 | L72: =F72*J72-G72*K72+$C$44 -> 0.30444 | M72: =J72*G72+K72*F72+($C$55+$C$65)*B72*1000 -> 3.1227712 | N72: =H72/(L72^2+M72^2) -> 15.207801 | O72: =I72-ATAN2(L72,M72) -> -1.670196 | Q72: =$P$4+10*LOG((1+($P$6*B72)^2)/(1+($P$8*B72)^2)) -> -23.493182 | R72: =DEGREES(ATAN(B72*$P$6)-ATAN(B72*$P$8)) -> 0 | S72: =((1+($P$24*B72*1000)^2)/((1-$P$28*B72*1000*$P$24*B72*1000)^2+$P$31*(B72*1000)^2))/(1+(B72/fea)^2) -> 0.0021369562 | T72: =ATAN(B72*1000*$P$24)-ATAN2(1-$P$24*B72*1000*$P$28*B72*1000,B72*1000*$P$30)-ATAN(B72/fea) -> -0.9783102 | U72: =10*LOG(N72*S72)+Q72+$P$21 -> 17.482366 | V72: =DEGREES(T72+O72)+R72+180 -> 28.251773 | W72: =-U72 -> -17.482366 | Y72: =10*LOG(N72)+20*LOG($C$29) -> 10.900611 | Z72: =DEGREES(O72) -> -95.695182 | AA72: =10*LOG(S72)+Q72+$P$37 -> 6.5817554 | AB72: =DEGREES(T72+R72)+180 -> 123.94695
A73: 2854.3025 | B73: =A73/1000 -> 2.8543025 | D73: =B73*$C$9*1000 -> 0.0084290325 | E73: =B73*1000*$C$18/(1+D73^2) -> 0.33713735 | F73: =D73*E73+$C$24 -> 0.0053417416 | G73: =E73 -> 0.33713735 | H73: =($C$40+($C$34*B73*1000)^2) -> 150.27689 | I73: =ATAN2($C$41,-(B73*1000)) -> -0.20582448 | J73: =$C$48+$C$38*(B73*1000)/TAN($C$50*(B73*1000)) -> 9.7284551 | K73: =$C$51*B73*1000 -> -0.69032936 | L73: =F73*J73-G73*K73+$C$44 -> 0.32788353 | M73: =J73*G73+K73*F73+($C$55+$C$65)*B73*1000 -> 3.2727245 | N73: =H73/(L73^2+M73^2) -> 13.891076 | O73: =I73-ATAN2(L73,M73) -> -1.6767673 | Q73: =$P$4+10*LOG((1+($P$6*B73)^2)/(1+($P$8*B73)^2)) -> -23.493182 | R73: =DEGREES(ATAN(B73*$P$6)-ATAN(B73*$P$8)) -> 0 | S73: =((1+($P$24*B73*1000)^2)/((1-$P$28*B73*1000*$P$24*B73*1000)^2+$P$31*(B73*1000)^2))/(1+(B73/fea)^2) -> 0.0020028783 | T73: =ATAN(B73*1000*$P$24)-ATAN2(1-$P$24*B73*1000*$P$28*B73*1000,B73*1000*$P$30)-ATAN(B73/fea) -> -0.95960322 | U73: =10*LOG(N73*S73)+Q73+$P$21 -> 16.80765 | V73: =DEGREES(T73+O73)+R73+180 -> 28.947097 | W73: =-U73 -> -16.80765 | Y73: =10*LOG(N73)+20*LOG($C$29) -> 10.507305 | Z73: =DEGREES(O73) -> -96.071689 | AA73: =10*LOG(S73)+Q73+$P$37 -> 6.3003449 | AB73: =DEGREES(T73+R73)+180 -> 125.01879
A74: 2992.2646 | B74: =A74/1000 -> 2.9922646 | D74: =B74*$C$9*1000 -> 0.008836448 | E74: =B74*1000*$C$18/(1+D74^2) -> 0.35343032 | F74: =D74*E74+$C$24 -> 0.0056230687 | G74: =E74 -> 0.35343032 | H74: =($C$40+($C$34*B74*1000)^2) -> 150.89834 | I74: =ATAN2($C$41,-(B74*1000)) -> -0.21547458 | J74: =$C$48+$C$38*(B74*1000)/TAN($C$50*(B74*1000)) -> 9.7258877 | K74: =$C$51*B74*1000 -> -0.72369629 | L74: =F74*J74-G74*K74+$C$44 -> 0.35364637 | M74: =J74*G74+K74*F74+($C$55+$C$65)*B74*1000 -> 3.4297758 | N74: =H74/(L74^2+M74^2) -> 12.692877 | O74: =I74-ATAN2(L74,M74) -> -1.6835234 | Q74: =$P$4+10*LOG((1+($P$6*B74)^2)/(1+($P$8*B74)^2)) -> -23.493182 | R74: =DEGREES(ATAN(B74*$P$6)-ATAN(B74*$P$8)) -> 0 | S74: =((1+($P$24*B74*1000)^2)/((1-$P$28*B74*1000*$P$24*B74*1000)^2+$P$31*(B74*1000)^2))/(1+(B74/fea)^2) -> 0.0018808378 | T74: =ATAN(B74*1000*$P$24)-ATAN2(1-$P$24*B74*1000*$P$28*B74*1000,B74*1000*$P$30)-ATAN(B74/fea) -> -0.94051405 | U74: =10*LOG(N74*S74)+Q74+$P$21 -> 16.14286 | V74: =DEGREES(T74+O74)+R74+180 -> 29.65373 | W74: =-U74 -> -16.14286 | Y74: =10*LOG(N74)+20*LOG($C$29) -> 10.115547 | Z74: =DEGREES(O74) -> -96.458784 | AA74: =10*LOG(S74)+Q74+$P$37 -> 6.0273127 | AB74: =DEGREES(T74+R74)+180 -> 126.11251
A75: 3136.8951 | B75: =A75/1000 -> 3.1368951 | D75: =B75*$C$9*1000 -> 0.0092635559 | E75: =B75*1000*$C$18/(1+D75^2) -> 0.37051044 | F75: =D75*E75+$C$24 -> 0.0059322442 | G75: =E75 -> 0.37051044 | H75: =($C$40+($C$34*B75*1000)^2) -> 151.58132 | I75: =ATAN2($C$41,-(B75*1000)) -> -0.22554751 | J75: =$C$48+$C$38*(B75*1000)/TAN($C$50*(B75*1000)) -> 9.7230659 | K75: =$C$51*B75*1000 -> -0.758676 | L75: =F75*J75-G75*K75+$C$44 -> 0.3819578 | M75: =J75*G75+K75*F75+($C$55+$C$65)*B75*1000 -> 3.5942453 | N75: =H75/(L75^2+M75^2) -> 11.602543 | O75: =I75-ATAN2(L75,M75) -> -1.6904719 | Q75: =$P$4+10*LOG((1+($P$6*B75)^2)/(1+($P$8*B75)^2)) -> -23.493182 | R75: =DEGREES(ATAN(B75*$P$6)-ATAN(B75*$P$8)) -> 0 | S75: =((1+($P$24*B75*1000)^2)/((1-$P$28*B75*1000*$P$24*B75*1000)^2+$P$31*(B75*1000)^2))/(1+(B75/fea)^2) -> 0.0017697545 | T75: =ATAN(B75*1000*$P$24)-ATAN2(1-$P$24*B75*1000*$P$28*B75*1000,B75*1000*$P$30)-ATAN(B75/fea) -> -0.92108828 | U75: =10*LOG(N75*S75)+Q75+$P$21 -> 15.488408 | V75: =DEGREES(T75+O75)+R75+180 -> 30.368623 | W75: =-U75 -> -15.488408 | Y75: =10*LOG(N75)+20*LOG($C$29) -> 9.7254782 | Z75: =DEGREES(O75) -> -96.856907 | AA75: =10*LOG(S75)+Q75+$P$37 -> 5.7629297 | AB75: =DEGREES(T75+R75)+180 -> 127.22553
A76: 3288.5163 | B76: =A76/1000 -> 3.2885163 | D76: =B76*$C$9*1000 -> 0.009711308 | E76: =B76*1000*$C$18/(1+D76^2) -> 0.38841569 | F76: =D76*E76+$C$24 -> 0.0062720244 | G76: =E76 -> 0.38841569 | H76: =($C$40+($C$34*B76*1000)^2) -> 152.33191 | I76: =ATAN2($C$41,-(B76*1000)) -> -0.23605752 | J76: =$C$48+$C$38*(B76*1000)/TAN($C$50*(B76*1000)) -> 9.7199642 | K76: =$C$51*B76*1000 -> -0.79534645 | L76: =F76*J76-G76*K76+$C$44 -> 0.41306971 | M76: =J76*G76+K76*F76+($C$55+$C$65)*B76*1000 -> 3.7664654 | N76: =H76/(L76^2+M76^2) -> 10.610371 | O76: =I76-ATAN2(L76,M76) -> -1.69762 | Q76: =$P$4+10*LOG((1+($P$6*B76)^2)/(1+($P$8*B76)^2)) -> -23.493182 | R76: =DEGREES(ATAN(B76*$P$6)-ATAN(B76*$P$8)) -> 0 | S76: =((1+($P$24*B76*1000)^2)/((1-$P$28*B76*1000*$P$24*B76*1000)^2+$P$31*(B76*1000)^2))/(1+(B76/fea)^2) -> 0.0016686449 | T76: =ATAN(B76*1000*$P$24)-ATAN2(1-$P$24*B76*1000*$P$28*B76*1000,B76*1000*$P$30)-ATAN(B76/fea) -> -0.9013747 | U76: =10*LOG(N76*S76)+Q76+$P$21 -> 14.844691 | V76: =DEGREES(T76+O76)+R76+180 -> 31.088572 | W76: =-U76 -> -14.844691 | Y76: =10*LOG(N76)+20*LOG($C$29) -> 9.3372523 | Z76: =DEGREES(O76) -> -97.266462 | AA76: =10*LOG(S76)+Q76+$P$37 -> 5.5074386 | AB76: =DEGREES(T76+R76)+180 -> 128.35503
A77: 3447.4661 | B77: =A77/1000 -> 3.4474661 | D77: =B77*$C$9*1000 -> 0.010180702 | E77: =B77*1000*$C$18/(1+D77^2) -> 0.40718588 | F77: =D77*E77+$C$24 -> 0.0066454381 | G77: =E77 -> 0.40718588 | H77: =($C$40+($C$34*B77*1000)^2) -> 153.15682 | I77: =ATAN2($C$41,-(B77*1000)) -> -0.24701873 | J77: =$C$48+$C$38*(B77*1000)/TAN($C$50*(B77*1000)) -> 9.7165551 | K77: =$C$51*B77*1000 -> -0.83378935 | L77: =F77*J77-G77*K77+$C$44 -> 0.44725884 | M77: =J77*G77+K77*F77+($C$55+$C$65)*B77*1000 -> 3.9467802 | N77: =H77/(L77^2+M77^2) -> 9.7075306 | O77: =I77-ATAN2(L77,M77) -> -1.704974 | Q77: =$P$4+10*LOG((1+($P$6*B77)^2)/(1+($P$8*B77)^2)) -> -23.493182 | R77: =DEGREES(ATAN(B77*$P$6)-ATAN(B77*$P$8)) -> 0 | S77: =((1+($P$24*B77*1000)^2)/((1-$P$28*B77*1000*$P$24*B77*1000)^2+$P$31*(B77*1000)^2))/(1+(B77/fea)^2) -> 0.0015766129 | T77: =ATAN(B77*1000*$P$24)-ATAN2(1-$P$24*B77*1000*$P$28*B77*1000,B77*1000*$P$30)-ATAN(B77/fea) -> -0.88142505 | U77: =10*LOG(N77*S77)+Q77+$P$21 -> 14.212084 | V77: =DEGREES(T77+O77)+R77+180 -> 31.810251 | W77: =-U77 -> -14.212084 | Y77: =10*LOG(N77)+20*LOG($C$29) -> 8.951034 | Z77: =DEGREES(O77) -> -97.687814 | AA77: =10*LOG(S77)+Q77+$P$37 -> 5.2610501 | AB77: =DEGREES(T77+R77)+180 -> 129.49806
A78: 3614.0986 | B78: =A78/1000 -> 3.6140986 | D78: =B78*$C$9*1000 -> 0.010672784 | E78: =B78*1000*$C$18/(1+D78^2) -> 0.42686274 | F78: =D78*E78+$C$24 -> 0.0070558139 | G78: =E78 -> 0.42686274 | H78: =($C$40+($C$34*B78*1000)^2) -> 154.0634 | I78: =ATAN2($C$41,-(B78*1000)) -> -0.25844502 | J78: =$C$48+$C$38*(B78*1000)/TAN($C$50*(B78*1000)) -> 9.7128078 | K78: =$C$51*B78*1000 -> -0.87409039 | L78: =F78*J78-G78*K78+$C$44 -> 0.48482921 | M78: =J78*G78+K78*F78+($C$55+$C$65)*B78*1000 -> 4.1355462 | N78: =H78/(L78^2+M78^2) -> 8.8859824 | O78: =I78-ATAN2(L78,M78) -> -1.7125394 | Q78: =$P$4+10*LOG((1+($P$6*B78)^2)/(1+($P$8*B78)^2)) -> -23.493182 | R78: =DEGREES(ATAN(B78*$P$6)-ATAN(B78*$P$8)) -> 0 | S78: =((1+($P$24*B78*1000)^2)/((1-$P$28*B78*1000*$P$24*B78*1000)^2+$P$31*(B78*1000)^2))/(1+(B78/fea)^2) -> 0.0014928424 | T78: =ATAN(B78*1000*$P$24)-ATAN2(1-$P$24*B78*1000*$P$28*B78*1000,B78*1000*$P$30)-ATAN(B78/fea) -> -0.86129358 | U78: =10*LOG(N78*S78)+Q78+$P$21 -> 13.59094 | V78: =DEGREES(T78+O78)+R78+180 -> 32.530231 | W78: =-U78 -> -13.59094 | Y78: =10*LOG(N78)+20*LOG($C$29) -> 8.5670008 | Z78: =DEGREES(O78) -> -98.121281 | AA78: =10*LOG(S78)+Q78+$P$37 -> 5.023939 | AB78: =DEGREES(T78+R78)+180 -> 130.65151
A79: 3788.7853 | B79: =A79/1000 -> 3.7887853 | C79: =E69*F69+$C$24 -> 0.0037416057 | D79: =B79*$C$9*1000 -> 0.011188651 | E79: =B79*1000*$C$18/(1+D79^2) -> 0.44749002 | F79: =D79*E79+$C$24 -> 0.0075068096 | G79: =E79 -> 0.44749002 | H79: =($C$40+($C$34*B79*1000)^2) -> 155.05974 | I79: =ATAN2($C$41,-(B79*1000)) -> -0.27034988 | J79: =$C$48+$C$38*(B79*1000)/TAN($C$50*(B79*1000)) -> 9.7086889 | K79: =$C$51*B79*1000 -> -0.91633937 | L79: =F79*J79-G79*K79+$C$44 -> 0.52611482 | M79: =J79*G79+K79*F79+($C$55+$C$65)*B79*1000 -> 4.3331315 | N79: =H79/(L79^2+M79^2) -> 8.1384115 | O79: =I79-ATAN2(L79,M79) -> -1.7203209 | Q79: =$P$4+10*LOG((1+($P$6*B79)^2)/(1+($P$8*B79)^2)) -> -23.493182 | R79: =DEGREES(ATAN(B79*$P$6)-ATAN(B79*$P$8)) -> 0 | S79: =((1+($P$24*B79*1000)^2)/((1-$P$28*B79*1000*$P$24*B79*1000)^2+$P$31*(B79*1000)^2))/(1+(B79/fea)^2) -> 0.0014165904 | T79: =ATAN(B79*1000*$P$24)-ATAN2(1-$P$24*B79*1000*$P$28*B79*1000,B79*1000*$P$30)-ATAN(B79/fea) -> -0.84103669 | U79: =10*LOG(N79*S79)+Q79+$P$21 -> 12.981585 | V79: =DEGREES(T79+O79)+R79+180 -> 33.245022 | W79: =-U79 -> -12.981585 | Y79: =10*LOG(N79)+20*LOG($C$29) -> 8.1853428 | Z79: =DEGREES(O79) -> -98.567125 | AA79: =10*LOG(S79)+Q79+$P$37 -> 4.7962421 | AB79: =DEGREES(T79+R79)+180 -> 131.81215
A80: 3971.9155 | B80: =A80/1000 -> 3.9719155 | D80: =B80*$C$9*1000 -> 0.011729452 | E80: =B80*1000*$C$18/(1+D80^2) -> 0.46911354 | F80: =D80*E80+$C$24 -> 0.0080024448 | G80: =E80 -> 0.46911354 | H80: =($C$40+($C$34*B80*1000)^2) -> 156.15472 | I80: =ATAN2($C$41,-(B80*1000)) -> -0.28274634 | J80: =$C$48+$C$38*(B80*1000)/TAN($C$50*(B80*1000)) -> 9.7041614 | K80: =$C$51*B80*1000 -> -0.96063044 | L80: =F80*J80-G80*K80+$C$44 -> 0.57148259 | M80: =J80*G80+K80*F80+($C$55+$C$65)*B80*1000 -> 4.5399161 | N80: =H80/(L80^2+M80^2) -> 7.4581605 | O80: =I80-ATAN2(L80,M80) -> -1.7283217 | Q80: =$P$4+10*LOG((1+($P$6*B80)^2)/(1+($P$8*B80)^2)) -> -23.493182 | R80: =DEGREES(ATAN(B80*$P$6)-ATAN(B80*$P$8)) -> 0 | S80: =((1+($P$24*B80*1000)^2)/((1-$P$28*B80*1000*$P$24*B80*1000)^2+$P$31*(B80*1000)^2))/(1+(B80/fea)^2) -> 0.0013471799 | T80: =ATAN(B80*1000*$P$24)-ATAN2(1-$P$24*B80*1000*$P$28*B80*1000,B80*1000*$P$30)-ATAN(B80/fea) -> -0.8207124 | U80: =10*LOG(N80*S80)+Q80+$P$21 -> 12.384319 | V80: =DEGREES(T80+O80)+R80+180 -> 33.951101 | W80: =-U80 -> -12.384319 | Y80: =10*LOG(N80)+20*LOG($C$29) -> 7.8062636 | Z80: =DEGREES(O80) -> -99.025542 | AA80: =10*LOG(S80)+Q80+$P$37 -> 4.5780553 | AB80: =DEGREES(T80+R80)+180 -> 132.97664
A81: 4163.8972 | B81: =A81/1000 -> 4.1638972 | D81: =B81*$C$9*1000 -> 0.012296393 | E81: =B81*1000*$C$18/(1+D81^2) -> 0.49178135 | F81: =D81*E81+$C$24 -> 0.0085471367 | G81: =E81 -> 0.49178135 | H81: =($C$40+($C$34*B81*1000)^2) -> 157.3581 | I81: =ATAN2($C$41,-(B81*1000)) -> -0.29564675 | J81: =$C$48+$C$38*(B81*1000)/TAN($C$50*(B81*1000)) -> 9.6991847 | K81: =$C$51*B81*1000 -> -1.0070623 | L81: =F81*J81-G81*K81+$C$44 -> 0.62133555 | M81: =J81*G81+K81*F81+($C$55+$C$65)*B81*1000 -> 4.756291 | N81: =H81/(L81^2+M81^2) -> 6.8391702 | O81: =I81-ATAN2(L81,M81) -> -1.7365442 | Q81: =$P$4+10*LOG((1+($P$6*B81)^2)/(1+($P$8*B81)^2)) -> -23.493182 | R81: =DEGREES(ATAN(B81*$P$6)-ATAN(B81*$P$8)) -> 0 | S81: =((1+($P$24*B81*1000)^2)/((1-$P$28*B81*1000*$P$24*B81*1000)^2+$P$31*(B81*1000)^2))/(1+(B81/fea)^2) -> 0.0012839947 | T81: =ATAN(B81*1000*$P$24)-ATAN2(1-$P$24*B81*1000*$P$28*B81*1000,B81*1000*$P$30)-ATAN(B81/fea) -> -0.80037983 | U81: =10*LOG(N81*S81)+Q81+$P$21 -> 11.799412 | V81: =DEGREES(T81+O81)+R81+180 -> 34.64496 | W81: =-U81 -> -11.799412 | Y81: =10*LOG(N81)+20*LOG($C$29) -> 7.4299805 | Z81: =DEGREES(O81) -> -99.496653 | AA81: =10*LOG(S81)+Q81+$P$37 -> 4.3694317 | AB81: =DEGREES(T81+R81)+180 -> 134.14161
A82: 4365.1583 | B82: =A82/1000 -> 4.3651583 | D82: =B82*$C$9*1000 -> 0.012890736 | E82: =B82*1000*$C$18/(1+D82^2) -> 0.51554379 | F82: =D82*E82+$C$24 -> 0.009145739 | G82: =E82 -> 0.51554379 | H82: =($C$40+($C$34*B82*1000)^2) -> 158.68063 | I82: =ATAN2($C$41,-(B82*1000)) -> -0.30906266 | J82: =$C$48+$C$38*(B82*1000)/TAN($C$50*(B82*1000)) -> 9.693714 | K82: =$C$51*B82*1000 -> -1.0557385 | L82: =F82*J82-G82*K82+$C$44 -> 0.67611641 | M82: =J82*G82+K82*F82+($C$55+$C$65)*B82*1000 -> 4.9826582 | N82: =H82/(L82^2+M82^2) -> 6.2759268 | O82: =I82-ATAN2(L82,M82) -> -1.7449888 | Q82: =$P$4+10*LOG((1+($P$6*B82)^2)/(1+($P$8*B82)^2)) -> -23.493182 | R82: =DEGREES(ATAN(B82*$P$6)-ATAN(B82*$P$8)) -> 0 | S82: =((1+($P$24*B82*1000)^2)/((1-$P$28*B82*1000*$P$24*B82*1000)^2+$P$31*(B82*1000)^2))/(1+(B82/fea)^2) -> 0.0012264735 | T82: =ATAN(B82*1000*$P$24)-ATAN2(1-$P$24*B82*1000*$P$28*B82*1000,B82*1000*$P$30)-ATAN(B82/fea) -> -0.78009866 | U82: =10*LOG(N82*S82)+Q82+$P$21 -> 11.227106 | V82: =DEGREES(T82+O82)+R82+180 -> 35.323145 | W82: =-U82 -> -11.227106 | Y82: =10*LOG(N82)+20*LOG($C$29) -> 7.0567251 | Z82: =DEGREES(O82) -> -99.980495 | AA82: =10*LOG(S82)+Q82+$P$37 -> 4.1703811 | AB82: =DEGREES(T82+R82)+180 -> 135.30364
A83: 4576.1473 | B83: =A83/1000 -> 4.5761473 | D83: =B83*$C$9*1000 -> 0.013513807 | E83: =B83*1000*$C$18/(1+D83^2) -> 0.5404536 | F83: =D83*E83+$C$24 -> 0.0098035859 | G83: =E83 -> 0.5404536 | H83: =($C$40+($C$34*B83*1000)^2) -> 160.1341 | I83: =ATAN2($C$41,-(B83*1000)) -> -0.32300461 | J83: =$C$48+$C$38*(B83*1000)/TAN($C$50*(B83*1000)) -> 9.6877004 | K83: =$C$51*B83*1000 -> -1.1067674 | L83: =F83*J83-G83*K83+$C$44 -> 0.73631143 | M83: =J83*G83+K83*F83+($C$55+$C$65)*B83*1000 -> 5.2194295 | N83: =H83/(L83^2+M83^2) -> 5.7634123 | O83: =I83-ATAN2(L83,M83) -> -1.7536545 | Q83: =$P$4+10*LOG((1+($P$6*B83)^2)/(1+($P$8*B83)^2)) -> -23.493182 | R83: =DEGREES(ATAN(B83*$P$6)-ATAN(B83*$P$8)) -> 0 | S83: =((1+($P$24*B83*1000)^2)/((1-$P$28*B83*1000*$P$24*B83*1000)^2+$P$31*(B83*1000)^2))/(1+(B83/fea)^2) -> 0.0011741052 | T83: =ATAN(B83*1000*$P$24)-ATAN2(1-$P$24*B83*1000*$P$28*B83*1000,B83*1000*$P$30)-ATAN(B83/fea) -> -0.75992854 | U83: =10*LOG(N83*S83)+Q83+$P$21 -> 10.667613 | V83: =DEGREES(T83+O83)+R83+180 -> 35.9823 | W83: =-U83 -> -10.667613 | Y83: =10*LOG(N83)+20*LOG($C$29) -> 6.6867433 | Z83: =DEGREES(O83) -> -100.477 | AA83: =10*LOG(S83)+Q83+$P$37 -> 3.9808694 | AB83: =DEGREES(T83+R83)+180 -> 136.4593
A84: 4797.3345 | B84: =A84/1000 -> 4.7973345 | D84: =B84*$C$9*1000 -> 0.014166995 | E84: =B84*1000*$C$18/(1+D84^2) -> 0.56656607 | F84: =D84*E84+$C$24 -> 0.010526538 | G84: =E84 -> 0.56656607 | H84: =($C$40+($C$34*B84*1000)^2) -> 161.73147 | I84: =ATAN2($C$41,-(B84*1000)) -> -0.33748198 | J84: =$C$48+$C$38*(B84*1000)/TAN($C$50*(B84*1000)) -> 9.6810896 | K84: =$C$51*B84*1000 -> -1.1602627 | L84: =F84*J84-G84*K84+$C$44 -> 0.80245468 | M84: =J84*G84+K84*F84+($C$55+$C$65)*B84*1000 -> 5.4670261 | N84: =H84/(L84^2+M84^2) -> 5.2970602 | O84: =I84-ATAN2(L84,M84) -> -1.7625382 | Q84: =$P$4+10*LOG((1+($P$6*B84)^2)/(1+($P$8*B84)^2)) -> -23.493182 | R84: =DEGREES(ATAN(B84*$P$6)-ATAN(B84*$P$8)) -> 0 | S84: =((1+($P$24*B84*1000)^2)/((1-$P$28*B84*1000*$P$24*B84*1000)^2+$P$31*(B84*1000)^2))/(1+(B84/fea)^2) -> 0.0011264242 | T84: =ATAN(B84*1000*$P$24)-ATAN2(1-$P$24*B84*1000*$P$28*B84*1000,B84*1000*$P$30)-ATAN(B84/fea) -> -0.73992856 | U84: =10*LOG(N84*S84)+Q84+$P$21 -> 10.121114 | V84: =DEGREES(T84+O84)+R84+180 -> 36.619219 | W84: =-U84 -> -10.121114 | Y84: =10*LOG(N84)+20*LOG($C$29) -> 6.3202954 | Z84: =DEGREES(O84) -> -100.986 | AA84: =10*LOG(S84)+Q84+$P$37 -> 3.800819 | AB84: =DEGREES(T84+R84)+180 -> 137.60522
A85: 5029.2127 | B85: =A85/1000 -> 5.0292127 | D85: =B85*$C$9*1000 -> 0.014851753 | E85: =B85*1000*$C$18/(1+D85^2) -> 0.59393912 | F85: =D85*E85+$C$24 -> 0.011321037 | G85: =E85 -> 0.59393912 | H85: =($C$40+($C$34*B85*1000)^2) -> 163.48699 | I85: =ATAN2($C$41,-(B85*1000)) -> -0.3525027 | J85: =$C$48+$C$38*(B85*1000)/TAN($C$50*(B85*1000)) -> 9.6738222 | K85: =$C$51*B85*1000 -> -1.2163438 | L85: =F85*J85-G85*K85+$C$44 -> 0.8751327 | M85: =J85*G85+K85*F85+($C$55+$C$65)*B85*1000 -> 5.7258767 | N85: =H85/(L85^2+M85^2) -> 4.8727147 | O85: =I85-ATAN2(L85,M85) -> -1.7716345 | Q85: =$P$4+10*LOG((1+($P$6*B85)^2)/(1+($P$8*B85)^2)) -> -23.493182 | R85: =DEGREES(ATAN(B85*$P$6)-ATAN(B85*$P$8)) -> 0 | S85: =((1+($P$24*B85*1000)^2)/((1-$P$28*B85*1000*$P$24*B85*1000)^2+$P$31*(B85*1000)^2))/(1+(B85/fea)^2) -> 0.0010830065 | T85: =ATAN(B85*1000*$P$24)-ATAN2(1-$P$24*B85*1000*$P$28*B85*1000,B85*1000*$P$30)-ATAN(B85/fea) -> -0.72015666 | U85: =10*LOG(N85*S85)+Q85+$P$21 -> 9.5877664 | V85: =DEGREES(T85+O85)+R85+180 -> 37.230883 | W85: =-U85 -> -9.5877664 | Y85: =10*LOG(N85)+20*LOG($C$29) -> 5.9576562 | Z85: =DEGREES(O85) -> -101.50718 | AA85: =10*LOG(S85)+Q85+$P$37 -> 3.6301101 | AB85: =DEGREES(T85+R85)+180 -> 138.73806
A86: 5272.2986 | B86: =A86/1000 -> 5.2722986 | D86: =B86*$C$9*1000 -> 0.01556961 | E86: =B86*1000*$C$18/(1+D86^2) -> 0.62263345 | F86: =D86*E86+$C$24 -> 0.01219416 | G86: =E86 -> 0.62263345 | H86: =($C$40+($C$34*B86*1000)^2) -> 165.41632 | I86: =ATAN2($C$41,-(B86*1000)) -> -0.36807312 | J86: =$C$48+$C$38*(B86*1000)/TAN($C$50*(B86*1000)) -> 9.6658328 | K86: =$C$51*B86*1000 -> -1.2751355 | L86: =F86*J86-G86*K86+$C$44 -> 0.95498957 | M86: =J86*G86+K86*F86+($C$55+$C$65)*B86*1000 -> 5.9964165 | N86: =H86/(L86^2+M86^2) -> 4.4865944 | O86: =I86-ATAN2(L86,M86) -> -1.7809358 | Q86: =$P$4+10*LOG((1+($P$6*B86)^2)/(1+($P$8*B86)^2)) -> -23.493182 | R86: =DEGREES(ATAN(B86*$P$6)-ATAN(B86*$P$8)) -> 0 | S86: =((1+($P$24*B86*1000)^2)/((1-$P$28*B86*1000*$P$24*B86*1000)^2+$P$31*(B86*1000)^2))/(1+(B86/fea)^2) -> 0.0010434661 | T86: =ATAN(B86*1000*$P$24)-ATAN2(1-$P$24*B86*1000*$P$28*B86*1000,B86*1000*$P$30)-ATAN(B86/fea) -> -0.70066917 | U86: =10*LOG(N86*S86)+Q86+$P$21 -> 9.0676973 | V86: =DEGREES(T86+O86)+R86+180 -> 37.814512 | W86: =-U86 -> -9.0676973 | Y86: =10*LOG(N86)+20*LOG($C$29) -> 5.5991144 | Z86: =DEGREES(O86) -> -102.0401 | AA86: =10*LOG(S86)+Q86+$P$37 -> 3.4685828 | AB86: =DEGREES(T86+R86)+180 -> 139.85461
A87: 5527.1341 | B87: =A87/1000 -> 5.5271341 | D87: =B87*$C$9*1000 -> 0.016322164 | E87: =B87*1000*$C$18/(1+D87^2) -> 0.65271265 | F87: =D87*E87+$C$24 -> 0.013153683 | G87: =E87 -> 0.65271265 | H87: =($C$40+($C$34*B87*1000)^2) -> 167.53666 | I87: =ATAN2($C$41,-(B87*1000)) -> -0.3841977 | J87: =$C$48+$C$38*(B87*1000)/TAN($C$50*(B87*1000)) -> 9.6570494 | K87: =$C$51*B87*1000 -> -1.3367689 | L87: =F87*J87-G87*K87+$C$44 -> 1.0427326 | M87: =J87*G87+K87*F87+($C$55+$C$65)*B87*1000 -> 6.2790849 | N87: =H87/(L87^2+M87^2) -> 4.1352578 | O87: =I87-ATAN2(L87,M87) -> -1.7904314 | Q87: =$P$4+10*LOG((1+($P$6*B87)^2)/(1+($P$8*B87)^2)) -> -23.493182 | R87: =DEGREES(ATAN(B87*$P$6)-ATAN(B87*$P$8)) -> 0 | S87: =((1+($P$24*B87*1000)^2)/((1-$P$28*B87*1000*$P$24*B87*1000)^2+$P$31*(B87*1000)^2))/(1+(B87/fea)^2) -> 0.0010074511 | T87: =ATAN(B87*1000*$P$24)-ATAN2(1-$P$24*B87*1000*$P$28*B87*1000,B87*1000*$P$30)-ATAN(B87/fea) -> -0.68152027 | U87: =10*LOG(N87*S87)+Q87+$P$21 -> 8.5610116 | V87: =DEGREES(T87+O87)+R87+180 -> 38.367603 | W87: =-U87 -> -8.5610116 | Y87: =10*LOG(N87)+20*LOG($C$29) -> 5.2449723 | Z87: =DEGREES(O87) -> -102.58416 | AA87: =10*LOG(S87)+Q87+$P$37 -> 3.3160393 | AB87: =DEGREES(T87+R87)+180 -> 140.95176
A88: 5794.287 | B88: =A88/1000 -> 5.794287 | D88: =B88*$C$9*1000 -> 0.017111092 | E88: =B88*1000*$C$18/(1+D88^2) -> 0.68424334 | F88: =D88*E88+$C$24 -> 0.014208151 | G88: =E88 -> 0.68424334 | H88: =($C$40+($C$34*B88*1000)^2) -> 169.86692 | I88: =ATAN2($C$41,-(B88*1000)) -> -0.40087878 | J88: =$C$48+$C$38*(B88*1000)/TAN($C$50*(B88*1000)) -> 9.6473928 | K88: =$C$51*B88*1000 -> -1.4013814 | L88: =F88*J88-G88*K88+$C$44 -> 1.1391383 | M88: =J88*G88+K88*F88+($C$55+$C$65)*B88*1000 -> 6.5743237 | N88: =H88/(L88^2+M88^2) -> 3.8155735 | O88: =I88-ATAN2(L88,M88) -> -1.8001078 | Q88: =$P$4+10*LOG((1+($P$6*B88)^2)/(1+($P$8*B88)^2)) -> -23.493182 | R88: =DEGREES(ATAN(B88*$P$6)-ATAN(B88*$P$8)) -> 0 | S88: =((1+($P$24*B88*1000)^2)/((1-$P$28*B88*1000*$P$24*B88*1000)^2+$P$31*(B88*1000)^2))/(1+(B88/fea)^2) -> 0.00097464118 | T88: =ATAN(B88*1000*$P$24)-ATAN2(1-$P$24*B88*1000*$P$28*B88*1000,B88*1000*$P$30)-ATAN(B88/fea) -> -0.66276167 | U88: =10*LOG(N88*S88)+Q88+$P$21 -> 8.0677915 | V88: =DEGREES(T88+O88)+R88+180 -> 38.887977 | W88: =-U88 -> -8.0677915 | Y88: =10*LOG(N88)+20*LOG($C$29) -> 4.8955446 | Z88: =DEGREES(O88) -> -103.13858 | AA88: =10*LOG(S88)+Q88+$P$37 -> 3.1722469 | AB88: =DEGREES(T88+R88)+180 -> 142.02655
A89: 6074.3526 | B89: =A89/1000 -> 6.0743526 | D89: =B89*$C$9*1000 -> 0.017938153 | E89: =B89*1000*$C$18/(1+D89^2) -> 0.71729531 | F89: =D89*E89+$C$24 -> 0.015366953 | G89: =E89 -> 0.71729531 | H89: =($C$40+($C$34*B89*1000)^2) -> 172.4279 | I89: =ATAN2($C$41,-(B89*1000)) -> -0.41811638 | J89: =$C$48+$C$38*(B89*1000)/TAN($C$50*(B89*1000)) -> 9.6367756 | K89: =$C$51*B89*1000 -> -1.4691169 | L89: =F89*J89-G89*K89+$C$44 -> 1.2450593 | M89: =J89*G89+K89*F89+($C$55+$C$65)*B89*1000 -> 6.8825737 | N89: =H89/(L89^2+M89^2) -> 3.5246918 | O89: =I89-ATAN2(L89,M89) -> -1.8099479 | Q89: =$P$4+10*LOG((1+($P$6*B89)^2)/(1+($P$8*B89)^2)) -> -23.493182 | R89: =DEGREES(ATAN(B89*$P$6)-ATAN(B89*$P$8)) -> 0 | S89: =((1+($P$24*B89*1000)^2)/((1-$P$28*B89*1000*$P$24*B89*1000)^2+$P$31*(B89*1000)^2))/(1+(B89/fea)^2) -> 0.00094474422 | T89: =ATAN(B89*1000*$P$24)-ATAN2(1-$P$24*B89*1000*$P$28*B89*1000,B89*1000*$P$30)-ATAN(B89/fea) -> -0.64444217 | U89: =10*LOG(N89*S89)+Q89+$P$21 -> 7.5880996 | V89: =DEGREES(T89+O89)+R89+180 -> 39.373808 | W89: =-U89 -> -7.5880996 | Y89: =10*LOG(N89)+20*LOG($C$29) -> 4.5511578 | Z89: =DEGREES(O89) -> -103.70238 | AA89: =10*LOG(S89)+Q89+$P$37 -> 3.0369418 | AB89: =DEGREES(T89+R89)+180 -> 143.07618
A90: 6367.9552 | B90: =A90/1000 -> 6.3679552 | D90: =B90*$C$9*1000 -> 0.01880519 | E90: =B90*1000*$C$18/(1+D90^2) -> 0.75194169 | F90: =D90*E90+$C$24 -> 0.016640406 | G90: =E90 -> 0.75194169 | H90: =($C$40+($C$34*B90*1000)^2) -> 175.24243 | I90: =ATAN2($C$41,-(B90*1000)) -> -0.4359079 | J90: =$C$48+$C$38*(B90*1000)/TAN($C$50*(B90*1000)) -> 9.6251019 | K90: =$C$51*B90*1000 -> -1.5401263 | L90: =F90*J90-G90*K90+$C$44 -> 1.3614316 | M90: =J90*G90+K90*F90+($C$55+$C$65)*B90*1000 -> 7.2042715 | N90: =H90/(L90^2+M90^2) -> 3.2600195 | O90: =I90-ATAN2(L90,M90) -> -1.8199312 | Q90: =$P$4+10*LOG((1+($P$6*B90)^2)/(1+($P$8*B90)^2)) -> -23.493182 | R90: =DEGREES(ATAN(B90*$P$6)-ATAN(B90*$P$8)) -> 0 | S90: =((1+($P$24*B90*1000)^2)/((1-$P$28*B90*1000*$P$24*B90*1000)^2+$P$31*(B90*1000)^2))/(1+(B90/fea)^2) -> 0.00091749417 | T90: =ATAN(B90*1000*$P$24)-ATAN2(1-$P$24*B90*1000*$P$28*B90*1000,B90*1000*$P$30)-ATAN(B90/fea) -> -0.62660746 | U90: =10*LOG(N90*S90)+Q90+$P$21 -> 7.1219808 | V90: =DEGREES(T90+O90)+R90+180 -> 39.823663 | W90: =-U90 -> -7.1219808 | Y90: =10*LOG(N90)+20*LOG($C$29) -> 4.2121484 | Z90: =DEGREES(O90) -> -104.27437 | AA90: =10*LOG(S90)+Q90+$P$37 -> 2.9098324 | AB90: =DEGREES(T90+R90)+180 -> 144.09804
A91: 6675.749 | B91: =A91/1000 -> 6.675749 | D91: =B91*$C$9*1000 -> 0.019714135 | E91: =B91*1000*$C$18/(1+D91^2) -> 0.78825905 | F91: =D91*E91+$C$24 -> 0.018039845 | G91: =E91 -> 0.78825905 | H91: =($C$40+($C$34*B91*1000)^2) -> 178.33561 | I91: =ATAN2($C$41,-(B91*1000)) -> -0.4542479 | J91: =$C$48+$C$38*(B91*1000)/TAN($C$50*(B91*1000)) -> 9.612266 | K91: =$C$51*B91*1000 -> -1.614568 | L91: =F91*J91-G91*K91+$C$44 -> 1.4892825 | M91: =J91*G91+K91*F91+($C$55+$C$65)*B91*1000 -> 7.5398455 | N91: =H91/(L91^2+M91^2) -> 3.019197 | O91: =I91-ATAN2(L91,M91) -> -1.8300329 | Q91: =$P$4+10*LOG((1+($P$6*B91)^2)/(1+($P$8*B91)^2)) -> -23.493182 | R91: =DEGREES(ATAN(B91*$P$6)-ATAN(B91*$P$8)) -> 0 | S91: =((1+($P$24*B91*1000)^2)/((1-$P$28*B91*1000*$P$24*B91*1000)^2+$P$31*(B91*1000)^2))/(1+(B91/fea)^2) -> 0.00089264845 | T91: =ATAN(B91*1000*$P$24)-ATAN2(1-$P$24*B91*1000*$P$28*B91*1000,B91*1000*$P$30)-ATAN(B91/fea) -> -0.60929988 | U91: =10*LOG(N91*S91)+Q91+$P$21 -> 6.6694648 | V91: =DEGREES(T91+O91)+R91+180 -> 40.23653 | W91: =-U91 -> -6.6694648 | Y91: =10*LOG(N91)+20*LOG($C$29) -> 3.8788609 | Z91: =DEGREES(O91) -> -104.85316 | AA91: =10*LOG(S91)+Q91+$P$37 -> 2.7906039 | AB91: =DEGREES(T91+R91)+180 -> 145.08969
... A200: 1145512.9 | B200: =A200/1000 -> 1145.5129 | D200: =B200*$C$9*1000 -> 3.3828109 | E200: =B200*1000*$C$18/(1+D200^2) -> 10.874225 | F200: =D200*E200+$C$24 -> 36.787947 | G200: =E200 -> 10.874225 | H200: =($C$40+($C$34*B200*1000)^2) -> 1011129.2 | I200: =ATAN2($C$41,-(B200*1000)) -> -1.5588623 | J200: =$C$48+$C$38*(B200*1000)/TAN($C$50*(B200*1000)) -> 96.01509 | K200: =$C$51*B200*1000 -> -277.04885 | L200: =F200*J200-G200*K200+$C$44 -> 6544.9327 | M200: =J200*G200+K200*F200+($C$55+$C$65)*B200*1000 -> -9149.3385 | N200: =H200/(L200^2+M200^2) -> 0.0079901766 | O200: =I200-ATAN2(L200,M200) -> -0.60901643 | Q200: =$P$4+10*LOG((1+($P$6*B200)^2)/(1+($P$8*B200)^2)) -> -23.493182 | R200: =DEGREES(ATAN(B200*$P$6)-ATAN(B200*$P$8)) -> 0 | S200: =((1+($P$24*B200*1000)^2)/((1-$P$28*B200*1000*$P$24*B200*1000)^2+$P$31*(B200*1000)^2))/(1+(B200/fea)^2) -> 4.3445098e-06 | T200: =ATAN(B200*1000*$P$24)-ATAN2(1-$P$24*B200*1000*$P$28*B200*1000,B200*1000*$P$30)-ATAN(B200/fea) -> -1.6059162 | U200: =10*LOG(N200*S200)+Q200+$P$21 -> -42.231283 | V200: =DEGREES(T200+O200)+R200+180 -> 53.093708 | W200: =-U200 -> 42.231283 | Y200: =10*LOG(N200)+20*LOG($C$29) -> -21.89449 | Z200: =DEGREES(O200) -> -34.894071 | AA200: =10*LOG(S200)+Q200+$P$37 -> -20.336793 | AB200: =DEGREES(T200+R200)+180 -> 87.987779

Sheet Notes

Sheet LTC
B1: Row | C1: Col | D1: Sheet
E2: C:\Program Files (x86)\LTC\LTpowerCAD2\\LTCLib
A3: IC | B3: 1 | C3: 2 | D3: 5 | E3: C:\Program Files (x86)\LTC\LTpowerCAD2\\LTCLib
A4: Vin_min | B4: 10 | C4: 3 | D4: 3
A5: Vin_max | B5: 12 | C5: 3 | D5: 3
A6: Vin_nom | B6: 11 | C6: 3 | D6: 3
A7: Vo1 | B7: 13 | C7: 3 | D7: 3
A8: Io1 | B8: 14 | C8: 3 | D8: 3
A9: Vo2
A10: Io2
